Region,Month of Period End,Median Sale Price,Median Sale Price MoM ,Median Sale Price YoY ,Homes Sold,Homes Sold MoM ,Homes Sold YoY ,New Listings,New Listings MoM ,New Listings YoY ,Inventory,Inventory MoM , Inventory YoY ,Days on Market,Days on Market MoM,Days on Market YoY,Average Sale To List,Average Sale To List MoM ,Average Sale To List YoY 
Columbia,Jan-12,$353K,-11.70%,-1.90%,429,-22.10%,0.90%,662,67.60%,2.80%,"1,760",-2.10%,-25.60%,56,9,-8,97.50%,0.30%,0.70%
Columbia,Feb-12,$395K,11.90%,13.70%,465,8.40%,8.60%,684,3.30%,0.30%,"1,746",-0.80%,-25.00%,61,5,-13,97.30%,-0.20%,0.90%
Columbia,Mar-12,$395K,0.00%,6.80%,580,24.70%,-8.70%,"1,008",47.40%,0.40%,"1,872",7.20%,-23.00%,49,-12,-17,97.70%,0.40%,-0.10%
Columbia,Apr-12,$440K,11.40%,12.40%,613,5.70%,2.70%,866,-14.10%,-17.70%,"1,824",-2.60%,-29.40%,31,-18,-20,98.40%,0.70%,0.50%
Columbia,May-12,$435K,-1.30%,7.80%,695,13.40%,2.50%,878,1.40%,-1.20%,"1,776",-2.60%,-29.90%,27,-4,-6,98.90%,0.50%,0.70%
Columbia,Jun-12,$447K,2.80%,5.10%,779,12.10%,5.40%,833,-5.10%,-5.90%,"1,784",0.50%,-28.20%,25,-2,-10,99.10%,0.20%,1.20%
Columbia,Jul-12,$444K,-0.60%,3.30%,693,-11.00%,10.00%,678,-18.60%,-10.10%,"1,659",-7.00%,-30.50%,28,3,-11,98.80%,-0.40%,0.90%
Columbia,Aug-12,$433K,-2.50%,9.70%,677,-2.30%,8.50%,613,-9.60%,-0.50%,"1,523",-8.20%,-30.60%,27,-1,-17,98.80%,0.10%,1.60%
Columbia,Sep-12,$420K,-3.00%,10.80%,544,-19.60%,-2.90%,920,50.10%,0.10%,"1,658",8.90%,-29.40%,37,10,-12,98.70%,-0.20%,0.60%
Columbia,Oct-12,$435K,3.60%,11.80%,569,4.60%,22.60%,710,-22.80%,-5.80%,"1,563",-5.70%,-31.50%,25,-12,-19,98.50%,-0.20%,0.80%
Columbia,Nov-12,$442K,1.60%,13.30%,645,13.40%,31.40%,559,-21.30%,3.90%,"1,446",-7.50%,-30.40%,24,-1,-19,98.50%,0.00%,0.70%
Columbia,Dec-12,$449K,1.60%,12.30%,605,-6.20%,9.80%,344,-38.50%,-12.90%,"1,190",-17.70%,-33.80%,34,10,-13,98.60%,0.10%,1.40%
Columbia,Jan-13,$421K,-6.20%,19.30%,487,-19.50%,13.50%,619,79.90%,-6.50%,"1,111",-6.60%,-36.90%,40,6,-16,98.40%,-0.20%,0.90%
Columbia,Feb-13,$435K,3.30%,10.20%,508,4.30%,9.20%,699,12.90%,2.20%,"1,153",3.80%,-34.00%,42,2,-19,99.10%,0.70%,1.80%
Columbia,Mar-13,$460K,5.70%,16.50%,627,23.40%,8.10%,825,18.00%,-18.20%,"1,143",-0.90%,-38.90%,23,-19,-26,99.80%,0.60%,2.10%
Columbia,Apr-13,$465K,1.10%,5.70%,705,12.40%,15.00%,"1,055",27.90%,21.80%,"1,235",8.00%,-32.30%,15,-8,-16,100.10%,0.30%,1.70%
Columbia,May-13,$480K,3.20%,10.50%,840,19.10%,20.90%,"1,108",5.00%,26.20%,"1,341",8.60%,-24.50%,11,-4,-16,100.60%,0.50%,1.70%
Columbia,Jun-13,$525K,9.40%,17.50%,856,1.90%,9.90%,977,-11.80%,17.30%,"1,417",5.70%,-20.60%,11,0,-14,100.50%,-0.10%,1.40%
Columbia,Jul-13,$515K,-2.00%,15.90%,831,-2.90%,19.90%,855,-12.50%,26.10%,"1,368",-3.50%,-17.50%,13,2,-15,100.30%,-0.20%,1.50%
Columbia,Aug-13,$455K,-11.60%,5.10%,813,-2.20%,20.10%,729,-14.70%,18.90%,"1,313",-4.00%,-13.80%,16,3,-11,100.10%,-0.20%,1.30%
Columbia,Sep-13,$450K,-1.10%,7.10%,617,-24.10%,13.40%,"1,019",39.80%,10.80%,"1,529",16.50%,-7.80%,22,6,-15,99.90%,-0.20%,1.20%
Columbia,Oct-13,$450K,0.00%,3.40%,721,16.90%,26.70%,957,-6.10%,34.80%,"1,537",0.50%,-1.70%,15,-7,-10,100.30%,0.50%,1.90%
Columbia,Nov-13,$493K,9.60%,11.50%,566,-21.50%,-12.20%,665,-30.50%,19.00%,"1,437",-6.50%,-0.60%,17,2,-7,99.70%,-0.60%,1.20%
Columbia,Dec-13,$475K,-3.70%,5.80%,735,29.90%,21.50%,452,-32.00%,31.40%,"1,273",-11.40%,7.00%,24,7,-10,99.10%,-0.60%,0.50%
Columbia,Jan-14,$444K,-6.50%,5.50%,510,-30.60%,4.70%,643,42.30%,3.90%,"1,211",-4.90%,9.00%,37,13,-3,98.90%,-0.20%,0.50%
Columbia,Feb-14,$468K,5.20%,7.50%,551,8.00%,8.50%,676,5.10%,-3.30%,"1,177",-2.80%,2.10%,35,-2,-7,99.10%,0.20%,0.00%
Columbia,Mar-14,$474K,1.40%,3.10%,598,8.50%,-4.60%,874,29.30%,5.90%,"1,200",2.00%,5.00%,22,-13,-1,99.70%,0.60%,0.00%
Columbia,Apr-14,$499K,5.20%,7.30%,682,14.00%,-3.30%,"1,050",20.10%,-0.50%,"1,256",4.70%,1.70%,14,-8,-1,100.30%,0.50%,0.20%
Columbia,May-14,$525K,5.20%,9.40%,840,23.20%,0.00%,"1,117",6.40%,0.80%,"1,316",4.80%,-1.90%,13,-1,2,100.10%,-0.20%,-0.50%
Columbia,Jun-14,$525K,0.00%,0.00%,898,6.90%,4.90%,"1,065",-4.70%,9.00%,"1,450",10.20%,2.30%,11,-2,0,100.10%,0.10%,-0.30%
Columbia,Jul-14,$526K,0.20%,2.20%,801,-10.80%,-3.60%,862,-19.10%,0.80%,"1,498",3.30%,9.50%,16,5,3,100.10%,-0.10%,-0.20%
Columbia,Aug-14,$470K,-10.60%,3.30%,707,-11.70%,-13.00%,679,-21.20%,-6.90%,"1,430",-4.50%,8.90%,21,5,5,99.60%,-0.50%,-0.50%
Columbia,Sep-14,$467K,-0.70%,3.70%,626,-11.50%,1.50%,"1,122",65.20%,10.10%,"1,678",17.30%,9.70%,20,-1,-2,99.50%,0.00%,-0.30%
Columbia,Oct-14,$492K,5.50%,9.30%,789,26.00%,9.40%,920,-18.00%,-3.90%,"1,628",-3.00%,5.90%,17,-3,2,99.60%,0.10%,-0.70%
Columbia,Nov-14,$505K,2.60%,2.40%,597,-24.30%,5.50%,540,-41.30%,-18.80%,"1,380",-15.20%,-4.00%,19,2,2,99.10%,-0.50%,-0.60%
Columbia,Dec-14,$505K,0.00%,6.30%,717,20.10%,-2.40%,433,-19.80%,-4.20%,"1,170",-15.20%,-8.10%,29,10,5,99.20%,0.10%,0.10%
Columbia,Jan-15,$485K,-4.00%,9.10%,502,-30.00%,-1.60%,640,47.80%,-0.50%,"1,137",-2.80%,-6.10%,38,9,1,98.40%,-0.80%,-0.60%
Columbia,Feb-15,$485K,0.20%,3.80%,510,1.60%,-7.40%,704,10.00%,4.10%,"1,159",1.90%,-1.50%,35,-3,0,99.40%,1.00%,0.20%
Columbia,Mar-15,$500K,3.00%,5.50%,639,25.30%,6.90%,987,40.20%,12.90%,"1,259",8.60%,4.90%,21,-14,-1,99.60%,0.30%,-0.10%
Columbia,Apr-15,$517K,3.30%,3.50%,759,18.80%,11.30%,"1,164",17.90%,10.90%,"1,391",10.50%,10.70%,14,-7,0,100.50%,0.80%,0.20%
Columbia,May-15,$550K,6.50%,4.80%,803,5.80%,-4.40%,"1,065",-8.50%,-4.70%,"1,413",1.60%,7.40%,12,-2,-1,100.50%,0.10%,0.50%
Columbia,Jun-15,$547K,-0.50%,4.20%,938,16.80%,4.50%,"1,004",-5.70%,-5.70%,"1,439",1.80%,-0.80%,13,1,2,100.50%,0.00%,0.40%
Columbia,Jul-15,$545K,-0.40%,3.60%,881,-6.10%,10.00%,895,-10.90%,3.80%,"1,457",1.30%,-2.70%,18,5,2,100.30%,-0.30%,0.20%
Columbia,Aug-15,$515K,-5.50%,9.60%,730,-17.10%,3.30%,720,-19.60%,6.00%,"1,419",-2.60%,-0.80%,17,-1,-4,100.10%,-0.10%,0.60%
Columbia,Sep-15,$515K,0.00%,10.40%,695,-4.80%,11.00%,"1,107",53.80%,-1.30%,"1,626",14.60%,-3.10%,24,7,4,99.80%,-0.30%,0.30%
Columbia,Oct-15,$506K,-1.80%,2.70%,688,-1.00%,-12.80%,"1,020",-7.90%,10.90%,"1,651",1.50%,1.40%,17,-7,0,100.10%,0.20%,0.50%
Columbia,Nov-15,$538K,6.30%,6.40%,688,0.00%,15.20%,634,-37.80%,17.40%,"1,473",-10.80%,6.70%,18,1,-1,99.90%,-0.20%,0.80%
Columbia,Dec-15,$510K,-5.20%,0.90%,748,8.70%,4.30%,477,-24.80%,10.20%,"1,250",-15.10%,6.80%,26,8,-3,99.60%,-0.30%,0.40%
Columbia,Jan-16,$499K,-2.10%,3.00%,484,-35.30%,-3.60%,693,45.30%,8.30%,"1,297",3.80%,14.10%,34,8,-4,98.70%,-0.90%,0.30%
Columbia,Feb-16,$540K,8.20%,11.20%,502,3.70%,-1.60%,780,12.60%,10.80%,"1,282",-1.20%,10.60%,36,2,1,100.20%,1.50%,0.80%
Columbia,Mar-16,$485K,-10.20%,-3.00%,710,41.40%,11.10%,"1,215",55.80%,23.10%,"1,490",16.20%,18.30%,24,-12,3,99.70%,-0.50%,0.10%
Columbia,Apr-16,$525K,8.20%,1.60%,818,15.20%,7.80%,"1,162",-4.40%,-0.20%,"1,540",3.40%,10.70%,16,-8,2,100.20%,0.50%,-0.30%
Columbia,May-16,$577K,9.90%,4.90%,902,10.30%,12.30%,"1,044",-10.20%,-2.00%,"1,534",-0.40%,8.60%,14,-2,2,100.60%,0.40%,0.10%
Columbia,Jun-16,$555K,-3.80%,1.50%,977,8.30%,4.20%,"1,020",-2.30%,1.60%,"1,498",-2.30%,4.10%,16,2,3,100.10%,-0.50%,-0.40%
Columbia,Jul-16,$575K,3.60%,5.50%,803,-17.80%,-8.90%,859,-15.80%,-4.00%,"1,452",-3.10%,-0.30%,18,2,0,99.90%,-0.20%,-0.40%
Columbia,Aug-16,$578K,0.40%,12.10%,839,4.50%,14.90%,696,-19.00%,-3.30%,"1,316",-9.40%,-7.30%,22,4,5,99.30%,-0.60%,-0.80%
Columbia,Sep-16,$529K,-8.40%,2.70%,764,-8.90%,9.90%,"1,140",63.80%,3.00%,"1,566",19.00%,-3.70%,25,3,1,99.50%,0.20%,-0.40%
Columbia,Oct-16,$540K,2.10%,6.80%,673,-11.90%,-2.20%,912,-20.00%,-10.60%,"1,524",-2.70%,-7.70%,18,-7,1,100.00%,0.60%,0.00%
Columbia,Nov-16,$550K,1.90%,2.30%,715,6.20%,3.90%,742,-18.60%,17.00%,"1,494",-2.00%,1.40%,19,1,1,99.60%,-0.50%,-0.30%
Columbia,Dec-16,$550K,0.00%,8.00%,672,-6.00%,-10.20%,515,-30.60%,8.00%,"1,289",-13.70%,3.10%,23,4,-3,99.40%,-0.10%,-0.10%
Columbia,Jan-17,$541K,-1.60%,8.40%,601,-10.60%,24.20%,755,46.60%,8.90%,"1,284",-0.40%,-1.00%,33,10,-1,99.00%,-0.40%,0.40%
Columbia,Feb-17,$515K,-4.80%,-4.60%,602,0.20%,19.90%,925,22.50%,18.60%,"1,367",6.50%,6.60%,32,-1,-4,99.60%,0.60%,-0.50%
Columbia,Mar-17,$544K,5.70%,12.20%,841,39.70%,18.50%,"1,190",28.60%,-2.10%,"1,472",7.70%,-1.20%,19,-13,-5,100.10%,0.40%,0.30%
Columbia,Apr-17,$528K,-3.00%,0.50%,741,-11.90%,-9.40%,"1,083",-9.00%,-6.80%,"1,535",4.30%,-0.30%,14,-5,-2,100.30%,0.20%,0.10%
Columbia,May-17,$594K,12.60%,3.00%,"1,007",35.90%,11.60%,"1,175",8.50%,12.50%,"1,584",3.20%,3.30%,11,-3,-3,100.70%,0.40%,0.10%
Columbia,Jun-17,$579K,-2.60%,4.30%,970,-3.70%,-0.70%,"1,248",6.20%,22.40%,"1,678",5.90%,12.00%,13,2,-3,101.00%,0.30%,0.90%
Columbia,Jul-17,$569K,-1.70%,-1.00%,893,-7.90%,11.20%,858,-31.30%,-0.10%,"1,529",-8.90%,5.30%,16,3,-2,100.00%,-1.10%,0.10%
Columbia,Aug-17,$541K,-5.00%,-6.40%,896,0.30%,6.80%,751,-12.50%,7.90%,"1,388",-9.20%,5.50%,21,5,-1,99.80%,-0.20%,0.50%
Columbia,Sep-17,$501K,-7.40%,-5.40%,649,-27.60%,-15.10%,"1,322",76.00%,16.00%,"1,694",22.00%,8.20%,25,4,0,99.40%,-0.40%,-0.10%
Columbia,Oct-17,$550K,9.90%,1.90%,899,38.50%,33.60%,"1,062",-19.70%,16.40%,"1,727",1.90%,13.30%,12,-13,-6,100.10%,0.80%,0.10%
Columbia,Nov-17,$548K,-0.40%,-0.40%,763,-15.10%,6.70%,792,-25.40%,6.70%,"1,569",-9.10%,5.00%,19,7,0,100.10%,0.00%,0.50%
Columbia,Dec-17,$560K,2.20%,1.80%,742,-2.80%,10.40%,482,-39.10%,-6.40%,"1,270",-19.10%,-1.50%,26,7,3,99.20%,-0.90%,-0.20%
Columbia,Jan-18,$500K,-10.70%,-7.60%,608,-18.10%,1.20%,739,53.30%,-2.10%,"1,176",-7.40%,-8.40%,33,7,0,99.20%,0.00%,0.10%
Columbia,Feb-18,$534K,6.70%,3.70%,648,6.60%,7.60%,821,11.10%,-11.20%,"1,195",1.60%,-12.60%,33,0,1,99.90%,0.70%,0.20%
Columbia,Mar-18,$550K,3.00%,1.10%,780,20.40%,-7.30%,"1,151",40.20%,-3.30%,"1,300",8.80%,-11.70%,19,-14,0,100.00%,0.10%,-0.10%
Columbia,Apr-18,$588K,6.90%,11.40%,812,4.10%,9.60%,"1,269",10.30%,17.20%,"1,468",12.90%,-4.40%,11,-8,-3,100.40%,0.40%,0.10%
Columbia,May-18,$593K,0.80%,-0.30%,"1,030",26.80%,2.30%,"1,287",1.40%,9.50%,"1,637",11.50%,3.30%,12,1,1,100.60%,0.20%,-0.10%
Columbia,Jun-18,$605K,2.10%,4.50%,964,-6.40%,-0.60%,"1,136",-11.70%,-9.00%,"1,603",-2.10%,-4.50%,13,1,0,100.90%,0.30%,-0.10%
Columbia,Jul-18,$573K,-5.40%,0.60%,900,-6.60%,0.80%,951,-16.30%,10.80%,"1,512",-5.70%,-1.10%,15,2,-1,100.20%,-0.70%,0.30%
Columbia,Aug-18,$550K,-3.90%,1.80%,898,-0.20%,0.20%,772,-18.80%,2.80%,"1,399",-7.50%,0.80%,20,5,-1,99.60%,-0.60%,-0.20%
Columbia,Sep-18,$514K,-6.60%,2.60%,647,-28.00%,-0.30%,"1,237",60.20%,-6.40%,"1,758",25.70%,3.80%,23,3,-2,99.30%,-0.30%,-0.10%
Columbia,Oct-18,$585K,13.90%,6.40%,865,33.70%,-3.80%,"1,065",-13.90%,0.30%,"1,882",7.10%,9.00%,30,7,18,99.70%,0.40%,-0.40%
Columbia,Nov-18,$580K,-0.90%,5.80%,705,-18.50%,-7.60%,724,-32.00%,-8.60%,"1,751",-7.00%,11.60%,33,3,14,99.20%,-0.50%,-0.90%
Columbia,Dec-18,$580K,-0.10%,3.50%,713,1.10%,-3.90%,409,-43.50%,-15.10%,"1,424",-18.70%,12.10%,39,6,13,99.10%,-0.20%,-0.20%
Columbia,Jan-19,$530K,-8.60%,5.90%,586,-17.80%,-3.60%,742,81.40%,0.40%,"1,396",-2.00%,18.70%,49,10,16,99.00%,-0.10%,-0.20%
Columbia,Feb-19,$575K,8.70%,7.80%,568,-3.10%,-12.30%,814,9.70%,-0.90%,"1,454",4.20%,21.70%,39,-10,6,99.50%,0.50%,-0.40%
Columbia,Mar-19,$570K,-0.90%,3.60%,798,40.50%,2.30%,"1,107",36.00%,-3.80%,"1,562",7.40%,20.20%,31,-8,12,99.70%,0.30%,-0.20%
Columbia,Apr-19,$590K,3.50%,0.40%,930,16.50%,14.50%,"1,249",12.80%,-1.60%,"1,665",6.60%,13.40%,20,-11,9,100.50%,0.80%,0.10%
Columbia,May-19,$595K,0.80%,0.40%,"1,006",8.20%,-2.30%,"1,298",3.90%,0.90%,"1,837",10.30%,12.20%,20,0,8,100.10%,-0.50%,-0.50%
Columbia,Jun-19,$610K,2.50%,0.80%,930,-7.60%,-3.50%,"1,054",-18.80%,-7.20%,"1,892",3.00%,18.00%,20,0,7,100.00%,-0.10%,-1.00%
Columbia,Jul-19,$583K,-4.50%,1.70%,841,-9.60%,-6.60%,873,-17.20%,-8.20%,"1,758",-7.10%,16.30%,24,4,9,100.30%,0.40%,0.10%
Columbia,Aug-19,$575K,-1.30%,4.50%,846,0.60%,-5.80%,761,-12.80%,-1.40%,"1,661",-5.50%,18.70%,31,7,11,99.90%,-0.40%,0.30%
Columbia,Sep-19,$575K,0.00%,12.00%,639,-24.50%,-1.20%,"1,330",74.80%,7.50%,"2,074",24.90%,18.00%,36,5,13,99.40%,-0.40%,0.10%
Columbia,Oct-19,$575K,0.00%,-1.70%,813,27.20%,-6.00%,"1,104",-17.00%,3.70%,"2,153",3.80%,14.40%,26,-10,-4,99.90%,0.50%,0.20%
Columbia,Nov-19,$620K,7.80%,6.90%,715,-12.10%,1.40%,725,-34.30%,0.10%,"1,889",-12.30%,7.90%,30,4,-3,99.70%,-0.20%,0.40%
Columbia,Dec-19,$630K,1.60%,8.70%,773,8.10%,8.40%,416,-42.60%,1.70%,"1,495",-20.90%,5.00%,40,10,1,99.20%,-0.50%,0.10%
Columbia,Jan-20,$550K,-12.70%,3.90%,612,-20.80%,4.40%,880,111.50%,18.60%,"1,586",6.10%,13.60%,53,13,4,98.70%,-0.50%,-0.30%
Columbia,Feb-20,$587K,6.70%,2.00%,681,11.30%,19.90%,876,-0.50%,7.60%,"1,563",-1.50%,7.50%,35,-18,-4,99.70%,1.00%,0.20%
Columbia,Mar-20,$610K,3.90%,7.00%,839,23.20%,5.10%,"1,069",22.00%,-3.40%,"1,709",9.30%,9.40%,28,-7,-3,100.10%,0.40%,0.40%
Columbia,Apr-20,$619K,1.40%,4.80%,615,-26.70%,-33.90%,733,-31.40%,-41.30%,"1,757",2.80%,5.50%,25,-3,5,100.20%,0.10%,-0.40%
Columbia,May-20,$650K,5.10%,9.30%,596,-3.10%,-40.80%,953,30.00%,-26.60%,"1,863",6.00%,1.40%,30,5,10,99.40%,-0.80%,-0.70%
Columbia,Jun-20,$620K,-4.60%,1.60%,808,35.60%,-13.10%,"1,117",17.20%,6.00%,"1,915",2.80%,1.20%,31,1,11,99.70%,0.30%,-0.30%
Columbia,Jul-20,$640K,3.20%,9.90%,"1,002",24.00%,19.10%,"1,295",15.90%,48.30%,"2,016",5.30%,14.70%,29,-2,5,100.40%,0.70%,0.10%
Columbia,Aug-20,$650K,1.60%,13.00%,950,-5.20%,12.30%,"1,123",-13.30%,47.60%,"2,031",0.70%,22.30%,27,-2,-4,100.60%,0.20%,0.70%
Columbia,Sep-20,$645K,-0.80%,12.20%,956,0.60%,49.60%,"1,367",21.70%,2.80%,"2,287",12.60%,10.30%,28,1,-8,100.60%,0.00%,1.10%
Columbia,Oct-20,$676K,4.80%,17.60%,948,-0.80%,16.60%,"1,422",4.00%,28.80%,"2,449",7.10%,13.70%,25,-3,-1,100.50%,-0.10%,0.50%
Columbia,Nov-20,$680K,0.60%,9.70%,863,-9.00%,20.70%,816,-42.60%,12.60%,"2,255",-7.90%,19.40%,30,5,0,100.20%,-0.20%,0.50%
Columbia,Dec-20,$638K,-6.20%,1.30%,933,8.10%,20.70%,664,-18.60%,59.60%,"1,898",-15.80%,27.00%,39,9,-1,100.00%,-0.20%,0.90%
Columbia,Jan-21,$615K,-3.60%,11.80%,649,-30.40%,6.00%,951,43.20%,8.10%,"1,938",2.10%,22.20%,45,6,-8,100.00%,0.00%,1.30%
Columbia,Feb-21,$635K,3.30%,8.20%,767,18.20%,12.60%,981,3.20%,12.00%,"1,909",-1.50%,22.10%,40,-5,5,100.40%,0.40%,0.70%
Columbia,Mar-21,$637K,0.20%,4.30%,"1,020",33.00%,21.60%,"1,289",31.40%,20.60%,"1,877",-1.70%,9.80%,31,-9,3,101.30%,0.90%,1.20%
Columbia,Apr-21,$653K,2.50%,5.50%,"1,120",9.80%,82.10%,"1,466",13.70%,100.00%,"2,083",11.00%,18.60%,25,-6,0,101.80%,0.50%,1.60%
Columbia,May-21,$689K,5.60%,6.00%,"1,061",-5.30%,78.00%,"1,252",-14.60%,31.40%,"2,048",-1.70%,9.90%,21,-4,-9,102.30%,0.50%,2.90%
Columbia,Jun-21,$700K,1.60%,12.90%,"1,156",9.00%,43.10%,"1,367",9.20%,22.40%,"2,142",4.60%,11.90%,22,1,-9,102.10%,-0.10%,2.50%
Columbia,Jul-21,$675K,-3.60%,5.50%,"1,019",-11.90%,1.70%,"1,148",-16.00%,-11.40%,"2,159",0.80%,7.10%,26,4,-3,101.10%,-1.10%,0.70%
Columbia,Aug-21,$663K,-1.90%,1.90%,900,-11.70%,-5.30%,866,-24.60%,-22.90%,"2,047",-5.20%,0.80%,32,6,5,100.70%,-0.30%,0.10%
Columbia,Sep-21,$615K,-7.20%,-4.70%,707,-21.40%,-26.00%,"1,549",78.90%,13.30%,"2,602",27.10%,13.80%,37,5,9,100.10%,-0.70%,-0.50%
Columbia,Oct-21,$705K,14.60%,4.30%,850,20.20%,-10.30%,"1,133",-26.90%,-20.30%,"2,583",-0.70%,5.50%,31,-6,6,100.40%,0.30%,-0.10%
Columbia,Nov-21,$730K,3.50%,7.30%,892,4.90%,3.40%,820,-27.60%,0.50%,"2,295",-11.10%,1.80%,34,3,4,100.00%,-0.30%,-0.20%
Columbia,Dec-21,$675K,-7.50%,5.80%,880,-1.30%,-5.70%,511,-37.70%,-23.00%,"1,781",-22.40%,-6.20%,45,11,6,99.80%,-0.20%,-0.20%
Columbia,Jan-22,$645K,-4.40%,4.90%,607,-31.00%,-6.50%,838,64.00%,-11.90%,"1,759",-1.20%,-9.20%,60,15,15,99.20%,-0.60%,-0.80%
Columbia,Feb-22,$659K,2.20%,3.80%,755,24.40%,-1.60%,975,16.30%,-0.60%,"1,783",1.40%,-6.60%,41,-19,1,100.50%,1.30%,0.20%
Columbia,Mar-22,$665K,0.90%,4.50%,942,24.80%,-7.60%,"1,370",40.50%,6.30%,"1,970",10.50%,5.00%,29,-12,-2,101.00%,0.50%,-0.30%
Columbia,Apr-22,$703K,5.80%,7.80%,979,3.90%,-12.60%,"1,232",-10.10%,-16.00%,"2,113",7.30%,1.40%,25,-4,0,101.80%,0.80%,0.00%
Columbia,May-22,$650K,-7.60%,-5.70%,959,-2.00%,-9.60%,"1,214",-1.50%,-3.00%,"2,236",5.80%,9.20%,25,0,4,101.50%,-0.30%,-0.80%
Columbia,Jun-22,$725K,11.50%,3.60%,932,-2.80%,-19.40%,"1,152",-5.10%,-15.70%,"2,285",2.20%,6.70%,28,3,6,101.10%,-0.40%,-1.00%
Columbia,Jul-22,$646K,-10.90%,-4.30%,737,-20.90%,-27.70%,950,-17.50%,-17.20%,"2,292",0.30%,6.20%,33,5,7,99.60%,-1.50%,-1.50%
Columbia,Aug-22,$650K,0.60%,-1.90%,719,-2.40%,-20.10%,696,-26.70%,-19.60%,"2,095",-8.60%,2.30%,37,4,5,99.30%,-0.20%,-1.40%
Columbia,Sep-22,$620K,-4.60%,0.80%,583,-18.90%,-17.50%,"1,255",80.30%,-19.00%,"2,527",20.60%,-2.90%,46,9,9,99.00%,-0.40%,-1.10%
Columbia,Oct-22,$650K,4.80%,-7.80%,590,1.20%,-30.60%,839,-33.10%,-25.90%,"2,536",0.40%,-1.80%,35,-11,4,99.50%,0.50%,-0.90%
Columbia,Nov-22,$646K,-0.60%,-11.50%,527,-10.70%,-40.90%,572,-31.80%,-30.20%,"2,305",-9.10%,0.40%,52,17,18,98.20%,-1.20%,-1.80%
Columbia,Dec-22,$630K,-2.50%,-6.70%,453,-14.00%,-48.50%,348,-39.20%,-31.90%,"1,878",-18.50%,5.40%,57,5,12,98.10%,-0.20%,-1.70%
Columbia,Jan-23,$555K,-11.90%,-14.00%,385,-15.00%,-36.60%,649,86.50%,-22.60%,"1,872",-0.30%,6.40%,70,13,10,98.00%,-0.10%,-1.20%
Columbia,Feb-23,$615K,10.80%,-6.70%,531,37.90%,-29.70%,700,7.90%,-28.20%,"1,857",-0.80%,4.20%,78,8,37,98.20%,0.20%,-2.30%
Columbia,Mar-23,$638K,3.70%,-4.10%,649,22.20%,-31.10%,"1,115",59.30%,-18.60%,"2,095",12.80%,6.30%,48,-30,19,99.30%,1.10%,-1.70%
Columbia,Apr-23,$685K,7.40%,-2.70%,639,-1.50%,-34.70%,920,-17.50%,-25.30%,"2,197",4.90%,4.00%,38,-10,13,99.30%,0.00%,-2.50%
Columbia,May-23,$675K,-1.40%,3.80%,782,22.40%,-18.50%,912,-0.90%,-24.90%,"2,138",-2.70%,-4.40%,39,1,14,99.90%,0.60%,-1.60%
Columbia,Jun-23,$615K,-8.90%,-15.20%,787,0.60%,-15.60%,982,7.70%,-14.80%,"2,202",3.00%,-3.60%,39,0,11,99.70%,-0.20%,-1.40%
Columbia,Jul-23,$615K,0.00%,-4.80%,658,-16.40%,-10.70%,799,-18.60%,-15.90%,"2,140",-2.80%,-6.60%,42,3,9,99.30%,-0.40%,-0.30%
Columbia,Aug-23,$625K,1.60%,-3.80%,663,0.80%,-7.80%,672,-15.90%,-3.40%,"2,059",-3.80%,-1.70%,50,8,13,99.20%,-0.10%,-0.20%
Columbia,Sep-23,$625K,-0.10%,0.70%,476,-28.20%,-18.40%,"1,054",56.80%,-16.00%,"2,365",14.90%,-6.40%,55,5,9,98.50%,-0.60%,-0.40%
Columbia,Oct-23,$670K,7.30%,3.10%,497,4.40%,-15.80%,804,-23.70%,-4.20%,"2,377",0.50%,-6.30%,39,-16,4,99.20%,0.60%,-0.30%
Columbia,Nov-23,$635K,-5.20%,-1.70%,480,-3.40%,-8.90%,552,-31.30%,-3.50%,"2,162",-9.00%,-6.20%,49,10,-3,98.70%,-0.50%,0.40%
Columbia,Dec-23,$600K,-5.50%,-4.80%,472,-1.70%,4.20%,386,-30.10%,10.90%,"1,847",-14.60%,-1.70%,60,11,3,99.00%,0.30%,0.90%
Columbia,Jan-24,$605K,0.80%,9.00%,377,-20.10%,-2.10%,712,84.50%,9.70%,"1,973",6.80%,5.40%,79,19,9,98.00%,-1.00%,0.00%
Columbia,Feb-24,$589K,-2.60%,-4.20%,493,30.80%,-7.20%,812,14.00%,16.00%,"2,084",5.60%,12.20%,63,-16,-15,98.80%,0.80%,0.60%
Columbia,Mar-24,$645K,9.50%,1.20%,538,9.10%,-17.10%,"1,035",27.50%,-7.20%,"2,322",11.40%,10.80%,43,-20,-5,99.30%,0.60%,0.10%
Columbia,Apr-24,$699K,8.40%,2.10%,638,18.60%,-0.20%,"1,061",2.50%,15.30%,"2,516",8.40%,14.50%,42,-1,4,99.50%,0.10%,0.10%
Columbia,May-24,$690K,-1.30%,2.20%,692,8.50%,-11.50%,"1,086",2.40%,19.10%,"2,646",5.20%,23.80%,37,-5,-2,99.70%,0.30%,-0.10%
Columbia,Jun-24,$700K,1.40%,13.80%,591,-14.60%,-24.90%,899,-17.20%,-8.50%,"2,527",-4.50%,14.80%,42,5,3,99.40%,-0.30%,-0.30%
"District of Columbia, DC",Jan-12,$353K,-11.70%,-1.90%,429,-22.10%,0.90%,662,67.60%,2.80%,"1,760",-2.10%,-25.60%,56,9,-8,97.50%,0.30%,0.70%
"District of Columbia, DC",Feb-12,$395K,11.90%,13.70%,465,8.40%,8.60%,684,3.30%,0.30%,"1,746",-0.80%,-25.00%,61,5,-13,97.30%,-0.20%,0.90%
"District of Columbia, DC",Mar-12,$395K,0.00%,6.80%,580,24.70%,-8.70%,"1,008",47.40%,0.40%,"1,872",7.20%,-23.00%,49,-12,-17,97.70%,0.40%,-0.10%
"District of Columbia, DC",Apr-12,$440K,11.40%,12.40%,613,5.70%,2.70%,866,-14.10%,-17.70%,"1,824",-2.60%,-29.40%,31,-18,-20,98.40%,0.70%,0.50%
"District of Columbia, DC",May-12,$435K,-1.30%,7.80%,695,13.40%,2.50%,878,1.40%,-1.20%,"1,776",-2.60%,-29.90%,27,-4,-6,98.90%,0.50%,0.70%
"District of Columbia, DC",Jun-12,$447K,2.80%,5.10%,779,12.10%,5.40%,833,-5.10%,-5.90%,"1,784",0.50%,-28.20%,25,-2,-10,99.10%,0.20%,1.20%
"District of Columbia, DC",Jul-12,$444K,-0.60%,3.30%,693,-11.00%,10.00%,678,-18.60%,-10.10%,"1,659",-7.00%,-30.50%,28,3,-11,98.80%,-0.40%,0.90%
"District of Columbia, DC",Aug-12,$433K,-2.50%,9.70%,677,-2.30%,8.50%,613,-9.60%,-0.50%,"1,523",-8.20%,-30.60%,27,-1,-17,98.80%,0.10%,1.60%
"District of Columbia, DC",Sep-12,$420K,-3.00%,10.80%,544,-19.60%,-2.90%,920,50.10%,0.10%,"1,658",8.90%,-29.40%,37,10,-12,98.70%,-0.20%,0.60%
"District of Columbia, DC",Oct-12,$435K,3.60%,11.80%,569,4.60%,22.60%,710,-22.80%,-5.80%,"1,563",-5.70%,-31.50%,25,-12,-19,98.50%,-0.20%,0.80%
"District of Columbia, DC",Nov-12,$442K,1.60%,13.30%,645,13.40%,31.40%,559,-21.30%,3.90%,"1,446",-7.50%,-30.40%,24,-1,-19,98.50%,0.00%,0.70%
"District of Columbia, DC",Dec-12,$449K,1.60%,12.30%,605,-6.20%,9.80%,344,-38.50%,-12.90%,"1,190",-17.70%,-33.80%,34,10,-13,98.60%,0.10%,1.40%
"District of Columbia, DC",Jan-13,$421K,-6.20%,19.30%,487,-19.50%,13.50%,619,79.90%,-6.50%,"1,111",-6.60%,-36.90%,40,6,-16,98.40%,-0.20%,0.90%
"District of Columbia, DC",Feb-13,$435K,3.30%,10.20%,508,4.30%,9.20%,699,12.90%,2.20%,"1,153",3.80%,-34.00%,42,2,-19,99.10%,0.70%,1.80%
"District of Columbia, DC",Mar-13,$460K,5.70%,16.50%,627,23.40%,8.10%,825,18.00%,-18.20%,"1,143",-0.90%,-38.90%,23,-19,-26,99.80%,0.60%,2.10%
"District of Columbia, DC",Apr-13,$465K,1.10%,5.70%,705,12.40%,15.00%,"1,055",27.90%,21.80%,"1,235",8.00%,-32.30%,15,-8,-16,100.10%,0.30%,1.70%
"District of Columbia, DC",May-13,$480K,3.20%,10.50%,840,19.10%,20.90%,"1,108",5.00%,26.20%,"1,341",8.60%,-24.50%,11,-4,-16,100.60%,0.50%,1.70%
"District of Columbia, DC",Jun-13,$525K,9.40%,17.50%,856,1.90%,9.90%,977,-11.80%,17.30%,"1,417",5.70%,-20.60%,11,0,-14,100.50%,-0.10%,1.40%
"District of Columbia, DC",Jul-13,$515K,-2.00%,15.90%,831,-2.90%,19.90%,855,-12.50%,26.10%,"1,368",-3.50%,-17.50%,13,2,-15,100.30%,-0.20%,1.50%
"District of Columbia, DC",Aug-13,$455K,-11.60%,5.10%,813,-2.20%,20.10%,729,-14.70%,18.90%,"1,313",-4.00%,-13.80%,16,3,-11,100.10%,-0.20%,1.30%
"District of Columbia, DC",Sep-13,$450K,-1.10%,7.10%,617,-24.10%,13.40%,"1,019",39.80%,10.80%,"1,529",16.50%,-7.80%,22,6,-15,99.90%,-0.20%,1.20%
"District of Columbia, DC",Oct-13,$450K,0.00%,3.40%,721,16.90%,26.70%,957,-6.10%,34.80%,"1,537",0.50%,-1.70%,15,-7,-10,100.30%,0.50%,1.90%
"District of Columbia, DC",Nov-13,$493K,9.60%,11.50%,566,-21.50%,-12.20%,665,-30.50%,19.00%,"1,437",-6.50%,-0.60%,17,2,-7,99.70%,-0.60%,1.20%
"District of Columbia, DC",Dec-13,$475K,-3.70%,5.80%,735,29.90%,21.50%,452,-32.00%,31.40%,"1,273",-11.40%,7.00%,24,7,-10,99.10%,-0.60%,0.50%
"District of Columbia, DC",Jan-14,$444K,-6.50%,5.50%,510,-30.60%,4.70%,643,42.30%,3.90%,"1,211",-4.90%,9.00%,37,13,-3,98.90%,-0.20%,0.50%
"District of Columbia, DC",Feb-14,$468K,5.20%,7.50%,551,8.00%,8.50%,676,5.10%,-3.30%,"1,177",-2.80%,2.10%,35,-2,-7,99.10%,0.20%,0.00%
"District of Columbia, DC",Mar-14,$474K,1.40%,3.10%,598,8.50%,-4.60%,874,29.30%,5.90%,"1,200",2.00%,5.00%,22,-13,-1,99.70%,0.60%,0.00%
"District of Columbia, DC",Apr-14,$499K,5.20%,7.30%,682,14.00%,-3.30%,"1,050",20.10%,-0.50%,"1,256",4.70%,1.70%,14,-8,-1,100.30%,0.50%,0.20%
"District of Columbia, DC",May-14,$525K,5.20%,9.40%,840,23.20%,0.00%,"1,117",6.40%,0.80%,"1,316",4.80%,-1.90%,13,-1,2,100.10%,-0.20%,-0.50%
"District of Columbia, DC",Jun-14,$525K,0.00%,0.00%,898,6.90%,4.90%,"1,065",-4.70%,9.00%,"1,450",10.20%,2.30%,11,-2,0,100.10%,0.10%,-0.30%
"District of Columbia, DC",Jul-14,$526K,0.20%,2.20%,801,-10.80%,-3.60%,862,-19.10%,0.80%,"1,498",3.30%,9.50%,16,5,3,100.10%,-0.10%,-0.20%
"District of Columbia, DC",Aug-14,$470K,-10.60%,3.30%,707,-11.70%,-13.00%,679,-21.20%,-6.90%,"1,430",-4.50%,8.90%,21,5,5,99.60%,-0.50%,-0.50%
"District of Columbia, DC",Sep-14,$467K,-0.70%,3.70%,626,-11.50%,1.50%,"1,122",65.20%,10.10%,"1,678",17.30%,9.70%,20,-1,-2,99.50%,0.00%,-0.30%
"District of Columbia, DC",Oct-14,$492K,5.50%,9.30%,789,26.00%,9.40%,920,-18.00%,-3.90%,"1,628",-3.00%,5.90%,17,-3,2,99.60%,0.10%,-0.70%
"District of Columbia, DC",Nov-14,$505K,2.60%,2.40%,597,-24.30%,5.50%,540,-41.30%,-18.80%,"1,380",-15.20%,-4.00%,19,2,2,99.10%,-0.50%,-0.60%
"District of Columbia, DC",Dec-14,$505K,0.00%,6.30%,717,20.10%,-2.40%,433,-19.80%,-4.20%,"1,170",-15.20%,-8.10%,29,10,5,99.20%,0.10%,0.10%
"District of Columbia, DC",Jan-15,$485K,-4.00%,9.10%,502,-30.00%,-1.60%,640,47.80%,-0.50%,"1,137",-2.80%,-6.10%,38,9,1,98.40%,-0.80%,-0.60%
"District of Columbia, DC",Feb-15,$485K,0.20%,3.80%,510,1.60%,-7.40%,704,10.00%,4.10%,"1,159",1.90%,-1.50%,35,-3,0,99.40%,1.00%,0.20%
"District of Columbia, DC",Mar-15,$500K,3.00%,5.50%,639,25.30%,6.90%,987,40.20%,12.90%,"1,259",8.60%,4.90%,21,-14,-1,99.60%,0.30%,-0.10%
"District of Columbia, DC",Apr-15,$517K,3.30%,3.50%,759,18.80%,11.30%,"1,164",17.90%,10.90%,"1,391",10.50%,10.70%,14,-7,0,100.50%,0.80%,0.20%
"District of Columbia, DC",May-15,$550K,6.50%,4.80%,803,5.80%,-4.40%,"1,065",-8.50%,-4.70%,"1,413",1.60%,7.40%,12,-2,-1,100.50%,0.10%,0.50%
"District of Columbia, DC",Jun-15,$547K,-0.50%,4.20%,938,16.80%,4.50%,"1,004",-5.70%,-5.70%,"1,439",1.80%,-0.80%,13,1,2,100.50%,0.00%,0.40%
"District of Columbia, DC",Jul-15,$545K,-0.40%,3.60%,881,-6.10%,10.00%,895,-10.90%,3.80%,"1,457",1.30%,-2.70%,18,5,2,100.30%,-0.30%,0.20%
"District of Columbia, DC",Aug-15,$515K,-5.50%,9.60%,730,-17.10%,3.30%,720,-19.60%,6.00%,"1,419",-2.60%,-0.80%,17,-1,-4,100.10%,-0.10%,0.60%
"District of Columbia, DC",Sep-15,$515K,0.00%,10.40%,695,-4.80%,11.00%,"1,107",53.80%,-1.30%,"1,626",14.60%,-3.10%,24,7,4,99.80%,-0.30%,0.30%
"District of Columbia, DC",Oct-15,$506K,-1.80%,2.70%,688,-1.00%,-12.80%,"1,020",-7.90%,10.90%,"1,651",1.50%,1.40%,17,-7,0,100.10%,0.20%,0.50%
"District of Columbia, DC",Nov-15,$538K,6.30%,6.40%,688,0.00%,15.20%,634,-37.80%,17.40%,"1,473",-10.80%,6.70%,18,1,-1,99.90%,-0.20%,0.80%
"District of Columbia, DC",Dec-15,$509K,-5.20%,0.90%,748,8.70%,4.30%,477,-24.80%,10.20%,"1,250",-15.10%,6.80%,26,8,-3,99.60%,-0.30%,0.40%
"District of Columbia, DC",Jan-16,$499K,-2.10%,3.00%,484,-35.30%,-3.60%,693,45.30%,8.30%,"1,297",3.80%,14.10%,34,8,-4,98.70%,-0.90%,0.30%
"District of Columbia, DC",Feb-16,$540K,8.20%,11.20%,502,3.70%,-1.60%,780,12.60%,10.80%,"1,282",-1.20%,10.60%,36,2,1,100.20%,1.50%,0.80%
"District of Columbia, DC",Mar-16,$485K,-10.20%,-3.00%,710,41.40%,11.10%,"1,215",55.80%,23.10%,"1,490",16.20%,18.30%,24,-12,3,99.70%,-0.50%,0.10%
"District of Columbia, DC",Apr-16,$525K,8.20%,1.60%,818,15.20%,7.80%,"1,162",-4.40%,-0.20%,"1,540",3.40%,10.70%,16,-8,2,100.20%,0.50%,-0.30%
"District of Columbia, DC",May-16,$577K,9.90%,4.90%,902,10.30%,12.30%,"1,044",-10.20%,-2.00%,"1,534",-0.40%,8.60%,14,-2,2,100.60%,0.40%,0.10%
"District of Columbia, DC",Jun-16,$555K,-3.80%,1.50%,977,8.30%,4.20%,"1,020",-2.30%,1.60%,"1,498",-2.30%,4.10%,16,2,3,100.10%,-0.50%,-0.40%
"District of Columbia, DC",Jul-16,$575K,3.60%,5.50%,803,-17.80%,-8.90%,859,-15.80%,-4.00%,"1,452",-3.10%,-0.30%,18,2,0,99.90%,-0.20%,-0.40%
"District of Columbia, DC",Aug-16,$578K,0.40%,12.10%,839,4.50%,14.90%,696,-19.00%,-3.30%,"1,316",-9.40%,-7.30%,22,4,5,99.30%,-0.60%,-0.80%
"District of Columbia, DC",Sep-16,$529K,-8.40%,2.70%,764,-8.90%,9.90%,"1,140",63.80%,3.00%,"1,566",19.00%,-3.70%,25,3,1,99.50%,0.20%,-0.40%
"District of Columbia, DC",Oct-16,$540K,2.10%,6.80%,673,-11.90%,-2.20%,912,-20.00%,-10.60%,"1,524",-2.70%,-7.70%,18,-7,1,100.00%,0.60%,0.00%
"District of Columbia, DC",Nov-16,$550K,1.90%,2.30%,715,6.20%,3.90%,742,-18.60%,17.00%,"1,494",-2.00%,1.40%,19,1,1,99.60%,-0.50%,-0.30%
"District of Columbia, DC",Dec-16,$550K,0.00%,8.00%,672,-6.00%,-10.20%,515,-30.60%,8.00%,"1,289",-13.70%,3.10%,23,4,-3,99.40%,-0.10%,-0.10%
"District of Columbia, DC",Jan-17,$541K,-1.60%,8.40%,601,-10.60%,24.20%,755,46.60%,8.90%,"1,284",-0.40%,-1.00%,33,10,-1,99.00%,-0.40%,0.40%
"District of Columbia, DC",Feb-17,$515K,-4.80%,-4.60%,602,0.20%,19.90%,925,22.50%,18.60%,"1,367",6.50%,6.60%,32,-1,-4,99.60%,0.60%,-0.50%
"District of Columbia, DC",Mar-17,$544K,5.70%,12.20%,841,39.70%,18.50%,"1,190",28.60%,-2.10%,"1,472",7.70%,-1.20%,19,-13,-5,100.10%,0.40%,0.30%
"District of Columbia, DC",Apr-17,$528K,-3.00%,0.50%,741,-11.90%,-9.40%,"1,083",-9.00%,-6.80%,"1,535",4.30%,-0.30%,14,-5,-2,100.30%,0.20%,0.10%
"District of Columbia, DC",May-17,$594K,12.60%,3.00%,"1,007",35.90%,11.60%,"1,175",8.50%,12.50%,"1,584",3.20%,3.30%,11,-3,-3,100.70%,0.40%,0.10%
"District of Columbia, DC",Jun-17,$579K,-2.60%,4.30%,970,-3.70%,-0.70%,"1,248",6.20%,22.40%,"1,678",5.90%,12.00%,13,2,-3,101.00%,0.30%,0.90%
"District of Columbia, DC",Jul-17,$569K,-1.70%,-1.00%,893,-7.90%,11.20%,858,-31.30%,-0.10%,"1,529",-8.90%,5.30%,16,3,-2,100.00%,-1.10%,0.10%
"District of Columbia, DC",Aug-17,$540K,-5.00%,-6.40%,896,0.30%,6.80%,751,-12.50%,7.90%,"1,388",-9.20%,5.50%,21,5,-1,99.80%,-0.20%,0.50%
"District of Columbia, DC",Sep-17,$501K,-7.40%,-5.40%,649,-27.60%,-15.10%,"1,322",76.00%,16.00%,"1,694",22.00%,8.20%,25,4,0,99.40%,-0.40%,-0.10%
"District of Columbia, DC",Oct-17,$550K,9.90%,1.90%,899,38.50%,33.60%,"1,062",-19.70%,16.40%,"1,727",1.90%,13.30%,12,-13,-6,100.10%,0.80%,0.10%
"District of Columbia, DC",Nov-17,$548K,-0.40%,-0.40%,763,-15.10%,6.70%,792,-25.40%,6.70%,"1,569",-9.10%,5.00%,19,7,0,100.10%,0.00%,0.50%
"District of Columbia, DC",Dec-17,$560K,2.20%,1.80%,742,-2.80%,10.40%,482,-39.10%,-6.40%,"1,270",-19.10%,-1.50%,26,7,3,99.20%,-0.90%,-0.20%
"District of Columbia, DC",Jan-18,$500K,-10.70%,-7.60%,608,-18.10%,1.20%,739,53.30%,-2.10%,"1,176",-7.40%,-8.40%,33,7,0,99.20%,0.00%,0.10%
"District of Columbia, DC",Feb-18,$534K,6.70%,3.70%,648,6.60%,7.60%,821,11.10%,-11.20%,"1,195",1.60%,-12.60%,33,0,1,99.90%,0.70%,0.20%
"District of Columbia, DC",Mar-18,$550K,3.00%,1.10%,780,20.40%,-7.30%,"1,151",40.20%,-3.30%,"1,300",8.80%,-11.70%,19,-14,0,100.00%,0.10%,-0.10%
"District of Columbia, DC",Apr-18,$588K,6.90%,11.40%,812,4.10%,9.60%,"1,269",10.30%,17.20%,"1,468",12.90%,-4.40%,11,-8,-3,100.40%,0.40%,0.10%
"District of Columbia, DC",May-18,$593K,0.80%,-0.30%,"1,030",26.80%,2.30%,"1,287",1.40%,9.50%,"1,637",11.50%,3.30%,12,1,1,100.60%,0.20%,-0.10%
"District of Columbia, DC",Jun-18,$605K,2.10%,4.50%,964,-6.40%,-0.60%,"1,136",-11.70%,-9.00%,"1,603",-2.10%,-4.50%,13,1,0,100.90%,0.30%,-0.10%
"District of Columbia, DC",Jul-18,$573K,-5.40%,0.60%,900,-6.60%,0.80%,951,-16.30%,10.80%,"1,512",-5.70%,-1.10%,15,2,-1,100.20%,-0.70%,0.30%
"District of Columbia, DC",Aug-18,$550K,-3.90%,1.80%,898,-0.20%,0.20%,772,-18.80%,2.80%,"1,399",-7.50%,0.80%,20,5,-1,99.60%,-0.60%,-0.20%
"District of Columbia, DC",Sep-18,$513K,-6.60%,2.60%,647,-28.00%,-0.30%,"1,237",60.20%,-6.40%,"1,758",25.70%,3.80%,23,3,-2,99.30%,-0.30%,-0.10%
"District of Columbia, DC",Oct-18,$585K,13.90%,6.40%,865,33.70%,-3.80%,"1,065",-13.90%,0.30%,"1,882",7.10%,9.00%,30,7,18,99.70%,0.40%,-0.40%
"District of Columbia, DC",Nov-18,$580K,-0.90%,5.80%,705,-18.50%,-7.60%,724,-32.00%,-8.60%,"1,751",-7.00%,11.60%,33,3,14,99.20%,-0.50%,-0.90%
"District of Columbia, DC",Dec-18,$579K,-0.10%,3.50%,713,1.10%,-3.90%,409,-43.50%,-15.10%,"1,424",-18.70%,12.10%,39,6,13,99.10%,-0.20%,-0.20%
"District of Columbia, DC",Jan-19,$530K,-8.60%,5.90%,586,-17.80%,-3.60%,742,81.40%,0.40%,"1,396",-2.00%,18.70%,49,10,16,99.00%,-0.10%,-0.20%
"District of Columbia, DC",Feb-19,$575K,8.70%,7.80%,568,-3.10%,-12.30%,814,9.70%,-0.90%,"1,454",4.20%,21.70%,39,-10,6,99.50%,0.50%,-0.40%
"District of Columbia, DC",Mar-19,$570K,-0.90%,3.60%,798,40.50%,2.30%,"1,107",36.00%,-3.80%,"1,562",7.40%,20.20%,31,-8,12,99.70%,0.30%,-0.20%
"District of Columbia, DC",Apr-19,$590K,3.50%,0.40%,930,16.50%,14.50%,"1,249",12.80%,-1.60%,"1,665",6.60%,13.40%,20,-11,9,100.50%,0.80%,0.10%
"District of Columbia, DC",May-19,$595K,0.80%,0.40%,"1,006",8.20%,-2.30%,"1,298",3.90%,0.90%,"1,837",10.30%,12.20%,20,0,8,100.10%,-0.50%,-0.50%
"District of Columbia, DC",Jun-19,$610K,2.50%,0.80%,930,-7.60%,-3.50%,"1,054",-18.80%,-7.20%,"1,892",3.00%,18.00%,20,0,7,100.00%,-0.10%,-1.00%
"District of Columbia, DC",Jul-19,$583K,-4.50%,1.70%,841,-9.60%,-6.60%,873,-17.20%,-8.20%,"1,758",-7.10%,16.30%,24,4,9,100.30%,0.40%,0.10%
"District of Columbia, DC",Aug-19,$575K,-1.30%,4.50%,846,0.60%,-5.80%,761,-12.80%,-1.40%,"1,661",-5.50%,18.70%,31,7,11,99.90%,-0.40%,0.30%
"District of Columbia, DC",Sep-19,$575K,0.00%,12.00%,639,-24.50%,-1.20%,"1,330",74.80%,7.50%,"2,074",24.90%,18.00%,36,5,13,99.40%,-0.40%,0.10%
"District of Columbia, DC",Oct-19,$575K,0.00%,-1.70%,813,27.20%,-6.00%,"1,104",-17.00%,3.70%,"2,153",3.80%,14.40%,26,-10,-4,99.90%,0.50%,0.20%
"District of Columbia, DC",Nov-19,$620K,7.80%,6.90%,715,-12.10%,1.40%,725,-34.30%,0.10%,"1,889",-12.30%,7.90%,30,4,-3,99.70%,-0.20%,0.40%
"District of Columbia, DC",Dec-19,$630K,1.60%,8.70%,773,8.10%,8.40%,416,-42.60%,1.70%,"1,495",-20.90%,5.00%,40,10,1,99.20%,-0.50%,0.10%
"District of Columbia, DC",Jan-20,$550K,-12.70%,3.90%,612,-20.80%,4.40%,880,111.50%,18.60%,"1,586",6.10%,13.60%,53,13,4,98.70%,-0.50%,-0.30%
"District of Columbia, DC",Feb-20,$587K,6.70%,2.00%,681,11.30%,19.90%,876,-0.50%,7.60%,"1,563",-1.50%,7.50%,35,-18,-4,99.70%,1.00%,0.20%
"District of Columbia, DC",Mar-20,$610K,3.90%,7.00%,839,23.20%,5.10%,"1,069",22.00%,-3.40%,"1,709",9.30%,9.40%,28,-7,-3,100.10%,0.40%,0.40%
"District of Columbia, DC",Apr-20,$619K,1.40%,4.80%,615,-26.70%,-33.90%,733,-31.40%,-41.30%,"1,757",2.80%,5.50%,25,-3,5,100.20%,0.10%,-0.40%
"District of Columbia, DC",May-20,$650K,5.10%,9.30%,596,-3.10%,-40.80%,953,30.00%,-26.60%,"1,863",6.00%,1.40%,30,5,10,99.40%,-0.80%,-0.70%
"District of Columbia, DC",Jun-20,$620K,-4.60%,1.60%,808,35.60%,-13.10%,"1,117",17.20%,6.00%,"1,915",2.80%,1.20%,31,1,11,99.70%,0.30%,-0.30%
"District of Columbia, DC",Jul-20,$640K,3.20%,9.90%,"1,002",24.00%,19.10%,"1,295",15.90%,48.30%,"2,016",5.30%,14.70%,29,-2,5,100.40%,0.70%,0.10%
"District of Columbia, DC",Aug-20,$650K,1.60%,13.00%,950,-5.20%,12.30%,"1,123",-13.30%,47.60%,"2,031",0.70%,22.30%,27,-2,-4,100.60%,0.20%,0.70%
"District of Columbia, DC",Sep-20,$645K,-0.80%,12.20%,956,0.60%,49.60%,"1,367",21.70%,2.80%,"2,287",12.60%,10.30%,28,1,-8,100.60%,0.00%,1.10%
"District of Columbia, DC",Oct-20,$676K,4.80%,17.60%,948,-0.80%,16.60%,"1,422",4.00%,28.80%,"2,449",7.10%,13.70%,25,-3,-1,100.50%,-0.10%,0.50%
"District of Columbia, DC",Nov-20,$680K,0.60%,9.70%,863,-9.00%,20.70%,816,-42.60%,12.60%,"2,255",-7.90%,19.40%,30,5,0,100.20%,-0.20%,0.50%
"District of Columbia, DC",Dec-20,$638K,-6.20%,1.30%,933,8.10%,20.70%,664,-18.60%,59.60%,"1,898",-15.80%,27.00%,39,9,-1,100.00%,-0.20%,0.90%
"District of Columbia, DC",Jan-21,$615K,-3.60%,11.80%,649,-30.40%,6.00%,951,43.20%,8.10%,"1,938",2.10%,22.20%,45,6,-8,100.00%,0.00%,1.30%
"District of Columbia, DC",Feb-21,$635K,3.30%,8.20%,767,18.20%,12.60%,981,3.20%,12.00%,"1,909",-1.50%,22.10%,40,-5,5,100.40%,0.40%,0.70%
"District of Columbia, DC",Mar-21,$637K,0.20%,4.30%,"1,020",33.00%,21.60%,"1,289",31.40%,20.60%,"1,877",-1.70%,9.80%,31,-9,3,101.30%,0.90%,1.20%
"District of Columbia, DC",Apr-21,$653K,2.50%,5.50%,"1,120",9.80%,82.10%,"1,466",13.70%,100.00%,"2,083",11.00%,18.60%,25,-6,0,101.80%,0.50%,1.60%
"District of Columbia, DC",May-21,$689K,5.60%,6.00%,"1,061",-5.30%,78.00%,"1,252",-14.60%,31.40%,"2,048",-1.70%,9.90%,21,-4,-9,102.30%,0.50%,2.90%
"District of Columbia, DC",Jun-21,$700K,1.60%,12.90%,"1,156",9.00%,43.10%,"1,367",9.20%,22.40%,"2,142",4.60%,11.90%,22,1,-9,102.10%,-0.10%,2.50%
"District of Columbia, DC",Jul-21,$675K,-3.60%,5.50%,"1,019",-11.90%,1.70%,"1,148",-16.00%,-11.40%,"2,159",0.80%,7.10%,26,4,-3,101.10%,-1.10%,0.70%
"District of Columbia, DC",Aug-21,$663K,-1.90%,1.90%,900,-11.70%,-5.30%,866,-24.60%,-22.90%,"2,047",-5.20%,0.80%,32,6,5,100.70%,-0.30%,0.10%
"District of Columbia, DC",Sep-21,$615K,-7.20%,-4.70%,707,-21.40%,-26.00%,"1,549",78.90%,13.30%,"2,602",27.10%,13.80%,37,5,9,100.10%,-0.70%,-0.50%
"District of Columbia, DC",Oct-21,$705K,14.60%,4.30%,850,20.20%,-10.30%,"1,133",-26.90%,-20.30%,"2,583",-0.70%,5.50%,31,-6,6,100.40%,0.30%,-0.10%
"District of Columbia, DC",Nov-21,$730K,3.50%,7.30%,892,4.90%,3.40%,820,-27.60%,0.50%,"2,295",-11.10%,1.80%,34,3,4,100.00%,-0.30%,-0.20%
"District of Columbia, DC",Dec-21,$675K,-7.50%,5.80%,880,-1.30%,-5.70%,511,-37.70%,-23.00%,"1,781",-22.40%,-6.20%,45,11,6,99.80%,-0.20%,-0.20%
"District of Columbia, DC",Jan-22,$645K,-4.40%,4.90%,607,-31.00%,-6.50%,838,64.00%,-11.90%,"1,759",-1.20%,-9.20%,60,15,15,99.20%,-0.60%,-0.80%
"District of Columbia, DC",Feb-22,$659K,2.20%,3.80%,755,24.40%,-1.60%,975,16.30%,-0.60%,"1,783",1.40%,-6.60%,41,-19,1,100.50%,1.30%,0.20%
"District of Columbia, DC",Mar-22,$665K,0.90%,4.50%,942,24.80%,-7.60%,"1,370",40.50%,6.30%,"1,970",10.50%,5.00%,29,-12,-2,101.00%,0.50%,-0.30%
"District of Columbia, DC",Apr-22,$703K,5.80%,7.80%,979,3.90%,-12.60%,"1,232",-10.10%,-16.00%,"2,113",7.30%,1.40%,25,-4,0,101.80%,0.80%,0.00%
"District of Columbia, DC",May-22,$650K,-7.60%,-5.70%,959,-2.00%,-9.60%,"1,214",-1.50%,-3.00%,"2,236",5.80%,9.20%,25,0,4,101.50%,-0.30%,-0.80%
"District of Columbia, DC",Jun-22,$725K,11.50%,3.60%,932,-2.80%,-19.40%,"1,152",-5.10%,-15.70%,"2,285",2.20%,6.70%,28,3,6,101.10%,-0.40%,-1.00%
"District of Columbia, DC",Jul-22,$646K,-10.90%,-4.30%,737,-20.90%,-27.70%,950,-17.50%,-17.20%,"2,292",0.30%,6.20%,33,5,7,99.60%,-1.50%,-1.50%
"District of Columbia, DC",Aug-22,$650K,0.60%,-1.90%,719,-2.40%,-20.10%,696,-26.70%,-19.60%,"2,095",-8.60%,2.30%,37,4,5,99.30%,-0.20%,-1.40%
"District of Columbia, DC",Sep-22,$620K,-4.60%,0.80%,583,-18.90%,-17.50%,"1,255",80.30%,-19.00%,"2,527",20.60%,-2.90%,46,9,9,99.00%,-0.40%,-1.10%
"District of Columbia, DC",Oct-22,$650K,4.80%,-7.80%,590,1.20%,-30.60%,839,-33.10%,-25.90%,"2,536",0.40%,-1.80%,35,-11,4,99.50%,0.50%,-0.90%
"District of Columbia, DC",Nov-22,$646K,-0.60%,-11.50%,527,-10.70%,-40.90%,572,-31.80%,-30.20%,"2,305",-9.10%,0.40%,52,17,18,98.20%,-1.20%,-1.80%
"District of Columbia, DC",Dec-22,$630K,-2.50%,-6.70%,453,-14.00%,-48.50%,348,-39.20%,-31.90%,"1,878",-18.50%,5.40%,57,5,12,98.10%,-0.20%,-1.70%
"District of Columbia, DC",Jan-23,$555K,-11.90%,-14.00%,385,-15.00%,-36.60%,649,86.50%,-22.60%,"1,872",-0.30%,6.40%,70,13,10,98.00%,-0.10%,-1.20%
"District of Columbia, DC",Feb-23,$615K,10.80%,-6.70%,531,37.90%,-29.70%,700,7.90%,-28.20%,"1,857",-0.80%,4.20%,78,8,37,98.20%,0.20%,-2.30%
"District of Columbia, DC",Mar-23,$638K,3.70%,-4.10%,649,22.20%,-31.10%,"1,115",59.30%,-18.60%,"2,095",12.80%,6.30%,48,-30,19,99.30%,1.10%,-1.70%
"District of Columbia, DC",Apr-23,$685K,7.40%,-2.70%,639,-1.50%,-34.70%,920,-17.50%,-25.30%,"2,197",4.90%,4.00%,38,-10,13,99.30%,0.00%,-2.50%
"District of Columbia, DC",May-23,$675K,-1.40%,3.80%,782,22.40%,-18.50%,912,-0.90%,-24.90%,"2,138",-2.70%,-4.40%,39,1,14,99.90%,0.60%,-1.60%
"District of Columbia, DC",Jun-23,$615K,-8.90%,-15.20%,787,0.60%,-15.60%,982,7.70%,-14.80%,"2,202",3.00%,-3.60%,39,0,11,99.70%,-0.20%,-1.40%
"District of Columbia, DC",Jul-23,$615K,0.00%,-4.80%,658,-16.40%,-10.70%,799,-18.60%,-15.90%,"2,140",-2.80%,-6.60%,42,3,9,99.30%,-0.40%,-0.30%
"District of Columbia, DC",Aug-23,$625K,1.60%,-3.80%,663,0.80%,-7.80%,672,-15.90%,-3.40%,"2,059",-3.80%,-1.70%,50,8,13,99.20%,-0.10%,-0.20%
"District of Columbia, DC",Sep-23,$625K,-0.10%,0.70%,476,-28.20%,-18.40%,"1,054",56.80%,-16.00%,"2,365",14.90%,-6.40%,55,5,9,98.50%,-0.60%,-0.40%
"District of Columbia, DC",Oct-23,$670K,7.30%,3.10%,497,4.40%,-15.80%,804,-23.70%,-4.20%,"2,377",0.50%,-6.30%,39,-16,4,99.20%,0.60%,-0.30%
"District of Columbia, DC",Nov-23,$635K,-5.20%,-1.70%,480,-3.40%,-8.90%,552,-31.30%,-3.50%,"2,162",-9.00%,-6.20%,49,10,-3,98.70%,-0.50%,0.40%
"District of Columbia, DC",Dec-23,$600K,-5.50%,-4.80%,472,-1.70%,4.20%,386,-30.10%,10.90%,"1,847",-14.60%,-1.70%,60,11,3,99.00%,0.30%,0.90%
"District of Columbia, DC",Jan-24,$605K,0.80%,9.00%,377,-20.10%,-2.10%,712,84.50%,9.70%,"1,973",6.80%,5.40%,79,19,9,98.00%,-1.00%,0.00%
"District of Columbia, DC",Feb-24,$589K,-2.60%,-4.20%,493,30.80%,-7.20%,812,14.00%,16.00%,"2,084",5.60%,12.20%,63,-16,-15,98.80%,0.80%,0.60%
"District of Columbia, DC",Mar-24,$645K,9.50%,1.20%,538,9.10%,-17.10%,"1,035",27.50%,-7.20%,"2,322",11.40%,10.80%,43,-20,-5,99.30%,0.60%,0.10%
"District of Columbia, DC",Apr-24,$699K,8.40%,2.10%,638,18.60%,-0.20%,"1,061",2.50%,15.30%,"2,516",8.40%,14.50%,42,-1,4,99.50%,0.10%,0.10%
"District of Columbia, DC",May-24,$690K,-1.30%,2.20%,692,8.50%,-11.50%,"1,086",2.40%,19.10%,"2,646",5.20%,23.80%,37,-5,-2,99.70%,0.30%,-0.10%
"District of Columbia, DC",Jun-24,$700K,1.40%,13.80%,591,-14.60%,-24.90%,899,-17.20%,-8.50%,"2,527",-4.50%,14.80%,42,5,3,99.40%,-0.30%,-0.30%
"Washington, DC",Jan-12,$353K,-11.70%,-1.90%,428,-22.30%,0.70%,662,67.60%,3.00%,"1,759",-2.00%,-25.70%,56,9,-8,97.50%,0.30%,0.70%
"Washington, DC",Feb-12,$392K,11.00%,12.90%,463,8.20%,8.20%,684,3.30%,0.30%,"1,746",-0.70%,-25.00%,61,5,-13,97.30%,-0.20%,0.90%
"Washington, DC",Mar-12,$395K,0.70%,6.70%,579,25.10%,-8.80%,"1,007",47.20%,0.30%,"1,871",7.20%,-23.00%,49,-12,-17,97.70%,0.40%,-0.10%
"Washington, DC",Apr-12,$440K,11.50%,12.40%,613,5.90%,2.70%,866,-14.00%,-17.60%,"1,823",-2.60%,-29.40%,31,-18,-20,98.40%,0.70%,0.50%
"Washington, DC",May-12,$433K,-1.70%,7.40%,694,13.20%,2.40%,878,1.40%,-1.10%,"1,775",-2.60%,-29.90%,27,-4,-6,98.90%,0.50%,0.70%
"Washington, DC",Jun-12,$447K,3.20%,5.10%,779,12.20%,5.40%,832,-5.20%,-6.00%,"1,783",0.50%,-28.20%,25,-2,-10,99.10%,0.20%,1.20%
"Washington, DC",Jul-12,$444K,-0.60%,3.40%,693,-11.00%,10.20%,678,-18.50%,-10.10%,"1,658",-7.00%,-30.50%,28,3,-11,98.80%,-0.40%,0.90%
"Washington, DC",Aug-12,$433K,-2.40%,9.70%,676,-2.50%,8.50%,613,-9.60%,-0.50%,"1,522",-8.20%,-30.70%,27,-1,-17,98.80%,0.10%,1.60%
"Washington, DC",Sep-12,$420K,-3.10%,10.80%,544,-19.50%,-2.90%,920,50.10%,0.70%,"1,658",8.90%,-29.30%,37,10,-12,98.70%,-0.10%,0.60%
"Washington, DC",Oct-12,$435K,3.60%,11.80%,569,4.60%,22.60%,710,-22.80%,-5.80%,"1,563",-5.70%,-31.40%,25,-12,-19,98.50%,-0.20%,0.80%
"Washington, DC",Nov-12,$442K,1.60%,13.30%,645,13.40%,31.40%,559,-21.30%,3.90%,"1,446",-7.50%,-30.20%,24,-1,-19,98.50%,0.00%,0.70%
"Washington, DC",Dec-12,$449K,1.60%,12.30%,605,-6.20%,9.80%,343,-38.60%,-13.20%,"1,190",-17.70%,-33.70%,34,10,-13,98.60%,0.10%,1.40%
"Washington, DC",Jan-13,$420K,-6.50%,19.00%,486,-19.70%,13.60%,619,80.50%,-6.50%,"1,111",-6.60%,-36.80%,40,6,-16,98.40%,-0.20%,0.90%
"Washington, DC",Feb-13,$435K,3.60%,11.00%,508,4.50%,9.70%,697,12.60%,1.90%,"1,151",3.60%,-34.10%,42,2,-19,99.10%,0.70%,1.80%
"Washington, DC",Mar-13,$460K,5.70%,16.50%,627,23.40%,8.30%,825,18.40%,-18.10%,"1,142",-0.80%,-39.00%,23,-19,-26,99.80%,0.60%,2.10%
"Washington, DC",Apr-13,$465K,1.10%,5.70%,705,12.40%,15.00%,"1,054",27.80%,21.70%,"1,234",8.10%,-32.30%,15,-8,-16,100.10%,0.30%,1.70%
"Washington, DC",May-13,$480K,3.20%,10.90%,839,19.00%,20.90%,"1,106",4.90%,26.00%,"1,338",8.40%,-24.60%,11,-4,-16,100.60%,0.50%,1.70%
"Washington, DC",Jun-13,$525K,9.40%,17.50%,854,1.80%,9.60%,975,-11.80%,17.20%,"1,414",5.70%,-20.70%,11,0,-14,100.50%,-0.10%,1.40%
"Washington, DC",Jul-13,$511K,-2.60%,15.10%,828,-3.00%,19.50%,852,-12.60%,25.70%,"1,366",-3.40%,-17.60%,13,2,-15,100.30%,-0.20%,1.50%
"Washington, DC",Aug-13,$455K,-11.00%,5.00%,812,-1.90%,20.10%,729,-14.40%,18.90%,"1,311",-4.00%,-13.90%,16,3,-11,100.10%,-0.20%,1.30%
"Washington, DC",Sep-13,$450K,-1.10%,7.10%,617,-24.00%,13.40%,"1,020",39.90%,10.90%,"1,528",16.60%,-7.80%,22,6,-15,99.90%,-0.20%,1.20%
"Washington, DC",Oct-13,$450K,0.00%,3.40%,721,16.90%,26.70%,957,-6.20%,34.80%,"1,536",0.50%,-1.70%,15,-7,-10,100.30%,0.50%,1.90%
"Washington, DC",Nov-13,$493K,9.60%,11.50%,566,-21.50%,-12.20%,665,-30.50%,19.00%,"1,436",-6.50%,-0.70%,17,2,-7,99.70%,-0.60%,1.20%
"Washington, DC",Dec-13,$475K,-3.70%,5.80%,735,29.90%,21.50%,450,-32.30%,31.20%,"1,271",-11.50%,6.80%,24,7,-10,99.10%,-0.60%,0.50%
"Washington, DC",Jan-14,$446K,-6.20%,6.10%,508,-30.90%,4.50%,642,42.70%,3.70%,"1,208",-5.00%,8.70%,37,13,-3,98.90%,-0.20%,0.50%
"Washington, DC",Feb-14,$468K,4.90%,7.50%,552,8.70%,8.70%,675,5.10%,-3.20%,"1,173",-2.90%,1.90%,35,-2,-7,99.10%,0.20%,0.00%
"Washington, DC",Mar-14,$475K,1.50%,3.20%,597,8.20%,-4.80%,873,29.30%,5.80%,"1,197",2.00%,4.80%,22,-13,-1,99.80%,0.70%,0.00%
"Washington, DC",Apr-14,$499K,5.10%,7.20%,681,14.10%,-3.40%,"1,046",19.80%,-0.80%,"1,252",4.60%,1.50%,14,-8,-1,100.30%,0.50%,0.20%
"Washington, DC",May-14,$525K,5.30%,9.40%,837,22.90%,-0.20%,"1,115",6.60%,0.80%,"1,313",4.90%,-1.90%,13,-1,2,100.10%,-0.20%,-0.50%
"Washington, DC",Jun-14,$525K,0.00%,0.00%,897,7.20%,5.00%,"1,064",-4.60%,9.10%,"1,449",10.40%,2.50%,11,-2,0,100.10%,0.10%,-0.30%
"Washington, DC",Jul-14,$526K,0.10%,2.80%,800,-10.80%,-3.40%,862,-19.00%,1.20%,"1,497",3.30%,9.60%,16,5,3,100.10%,-0.10%,-0.20%
"Washington, DC",Aug-14,$470K,-10.60%,3.30%,705,-11.90%,-13.20%,678,-21.30%,-7.00%,"1,429",-4.50%,9.00%,21,5,5,99.60%,-0.50%,-0.50%
"Washington, DC",Sep-14,$465K,-1.10%,3.40%,625,-11.30%,1.30%,"1,122",65.50%,10.00%,"1,677",17.40%,9.80%,20,-1,-2,99.50%,0.00%,-0.30%
"Washington, DC",Oct-14,$492K,5.80%,9.30%,787,25.90%,9.20%,916,-18.40%,-4.30%,"1,625",-3.10%,5.80%,17,-3,2,99.60%,0.10%,-0.70%
"Washington, DC",Nov-14,$505K,2.60%,2.40%,595,-24.40%,5.10%,540,-41.00%,-18.80%,"1,378",-15.20%,-4.00%,19,2,2,99.10%,-0.50%,-0.60%
"Washington, DC",Dec-14,$505K,0.00%,6.30%,717,20.50%,-2.40%,433,-19.80%,-3.80%,"1,169",-15.20%,-8.00%,29,10,5,99.20%,0.10%,0.10%
"Washington, DC",Jan-15,$485K,-4.00%,8.80%,502,-30.00%,-1.20%,639,47.60%,-0.50%,"1,136",-2.80%,-6.00%,38,9,1,98.40%,-0.80%,-0.60%
"Washington, DC",Feb-15,$486K,0.20%,3.90%,507,1.00%,-8.20%,704,10.20%,4.30%,"1,159",2.00%,-1.20%,35,-3,0,99.40%,1.00%,0.30%
"Washington, DC",Mar-15,$500K,3.00%,5.40%,639,26.00%,7.00%,987,40.20%,13.10%,"1,259",8.60%,5.20%,21,-14,-1,99.60%,0.30%,-0.10%
"Washington, DC",Apr-15,$519K,3.80%,4.10%,758,18.60%,11.30%,"1,164",17.90%,11.30%,"1,391",10.50%,11.10%,14,-7,0,100.50%,0.80%,0.20%
"Washington, DC",May-15,$550K,6.00%,4.80%,803,5.90%,-4.10%,"1,065",-8.50%,-4.50%,"1,413",1.60%,7.60%,12,-2,-1,100.50%,0.10%,0.50%
"Washington, DC",Jun-15,$547K,-0.50%,4.20%,938,16.80%,4.60%,"1,004",-5.70%,-5.60%,"1,438",1.80%,-0.80%,13,1,2,100.50%,0.00%,0.40%
"Washington, DC",Jul-15,$545K,-0.40%,3.70%,881,-6.10%,10.10%,895,-10.90%,3.80%,"1,456",1.30%,-2.70%,18,5,2,100.30%,-0.30%,0.20%
"Washington, DC",Aug-15,$515K,-5.50%,9.60%,731,-17.00%,3.70%,719,-19.70%,6.00%,"1,417",-2.70%,-0.80%,18,0,-3,100.10%,-0.10%,0.60%
"Washington, DC",Sep-15,$515K,0.00%,10.70%,695,-4.90%,11.20%,"1,103",53.40%,-1.70%,"1,621",14.40%,-3.30%,24,6,4,99.80%,-0.30%,0.30%
"Washington, DC",Oct-15,$508K,-1.30%,3.30%,686,-1.30%,-12.80%,"1,019",-7.60%,11.20%,"1,649",1.70%,1.50%,17,-7,0,100.10%,0.30%,0.50%
"Washington, DC",Nov-15,$535K,5.30%,5.90%,685,-0.10%,15.10%,633,-37.90%,17.20%,"1,473",-10.70%,6.90%,18,1,-1,99.90%,-0.20%,0.80%
"Washington, DC",Dec-15,$510K,-4.70%,1.00%,747,9.10%,4.20%,477,-24.60%,10.20%,"1,250",-15.10%,6.90%,26,8,-3,99.60%,-0.30%,0.40%
"Washington, DC",Jan-16,$499K,-2.10%,3.00%,484,-35.20%,-3.60%,691,44.90%,8.10%,"1,295",3.60%,14.00%,34,8,-4,98.70%,-0.90%,0.30%
"Washington, DC",Feb-16,$540K,8.20%,11.20%,502,3.70%,-1.00%,779,12.70%,10.70%,"1,281",-1.10%,10.50%,36,2,1,100.20%,1.50%,0.80%
"Washington, DC",Mar-16,$490K,-9.30%,-2.00%,708,41.00%,10.80%,"1,214",55.80%,23.00%,"1,488",16.20%,18.20%,24,-12,3,99.70%,-0.50%,0.10%
"Washington, DC",Apr-16,$525K,7.10%,1.20%,817,15.40%,7.80%,"1,161",-4.40%,-0.30%,"1,537",3.30%,10.50%,16,-8,2,100.20%,0.50%,-0.30%
"Washington, DC",May-16,$577K,9.90%,4.90%,900,10.20%,12.10%,"1,043",-10.20%,-2.10%,"1,531",-0.40%,8.40%,14,-2,2,100.60%,0.40%,0.10%
"Washington, DC",Jun-16,$555K,-3.80%,1.50%,977,8.60%,4.20%,"1,020",-2.20%,1.60%,"1,496",-2.30%,4.00%,16,2,3,100.10%,-0.50%,-0.40%
"Washington, DC",Jul-16,$575K,3.60%,5.50%,801,-18.00%,-9.10%,858,-15.90%,-4.10%,"1,450",-3.10%,-0.40%,18,2,0,99.90%,-0.20%,-0.30%
"Washington, DC",Aug-16,$578K,0.40%,12.10%,839,4.70%,14.80%,695,-19.00%,-3.30%,"1,314",-9.40%,-7.30%,22,4,4,99.30%,-0.60%,-0.80%
"Washington, DC",Sep-16,$529K,-8.40%,2.70%,764,-8.90%,9.90%,"1,139",63.90%,3.30%,"1,563",18.90%,-3.60%,25,3,1,99.50%,0.20%,-0.40%
"Washington, DC",Oct-16,$540K,2.10%,6.20%,672,-12.00%,-2.00%,912,-19.90%,-10.50%,"1,522",-2.60%,-7.70%,18,-7,1,100.00%,0.60%,-0.10%
"Washington, DC",Nov-16,$550K,1.90%,2.80%,715,6.40%,4.40%,742,-18.60%,17.20%,"1,493",-1.90%,1.40%,19,1,1,99.60%,-0.50%,-0.30%
"Washington, DC",Dec-16,$550K,0.00%,7.90%,671,-6.20%,-10.20%,515,-30.60%,8.00%,"1,288",-13.70%,3.00%,23,4,-3,99.40%,-0.10%,-0.10%
"Washington, DC",Jan-17,$541K,-1.60%,8.40%,601,-10.40%,24.20%,753,46.20%,9.00%,"1,282",-0.50%,-1.00%,33,10,-1,99.00%,-0.40%,0.40%
"Washington, DC",Feb-17,$515K,-4.80%,-4.60%,602,0.20%,19.90%,925,22.80%,18.70%,"1,365",6.50%,6.60%,32,-1,-4,99.60%,0.60%,-0.50%
"Washington, DC",Mar-17,$544K,5.70%,11.00%,841,39.70%,18.80%,"1,189",28.50%,-2.10%,"1,471",7.80%,-1.10%,19,-13,-5,100.10%,0.40%,0.30%
"Washington, DC",Apr-17,$528K,-3.00%,0.50%,740,-12.00%,-9.40%,"1,082",-9.00%,-6.80%,"1,534",4.30%,-0.20%,14,-5,-2,100.30%,0.30%,0.10%
"Washington, DC",May-17,$595K,12.80%,3.10%,"1,006",35.90%,11.80%,"1,174",8.50%,12.60%,"1,583",3.20%,3.40%,11,-3,-3,100.70%,0.40%,0.10%
"Washington, DC",Jun-17,$579K,-2.60%,4.40%,968,-3.80%,-0.90%,"1,247",6.20%,22.30%,"1,677",5.90%,12.10%,13,2,-3,101.00%,0.30%,0.90%
"Washington, DC",Jul-17,$570K,-1.60%,-0.90%,891,-8.00%,11.20%,856,-31.40%,-0.20%,"1,527",-8.90%,5.30%,16,3,-2,100.00%,-1.10%,0.00%
"Washington, DC",Aug-17,$540K,-5.20%,-6.40%,896,0.60%,6.80%,751,-12.30%,8.10%,"1,386",-9.20%,5.50%,21,5,-1,99.80%,-0.20%,0.50%
"Washington, DC",Sep-17,$501K,-7.40%,-5.40%,649,-27.60%,-15.10%,"1,322",76.00%,16.10%,"1,693",22.20%,8.30%,25,4,0,99.40%,-0.40%,-0.10%
"Washington, DC",Oct-17,$550K,9.90%,1.90%,899,38.50%,33.80%,"1,062",-19.70%,16.40%,"1,726",1.90%,13.40%,12,-13,-6,100.10%,0.80%,0.10%
"Washington, DC",Nov-17,$549K,-0.30%,-0.30%,762,-15.20%,6.60%,789,-25.70%,6.30%,"1,566",-9.30%,4.90%,19,7,0,100.10%,0.00%,0.50%
"Washington, DC",Dec-17,$560K,2.10%,1.80%,742,-2.60%,10.60%,482,-38.90%,-6.40%,"1,268",-19.00%,-1.60%,26,7,3,99.20%,-0.90%,-0.20%
"Washington, DC",Jan-18,$500K,-10.70%,-7.60%,606,-18.30%,0.80%,739,53.30%,-1.90%,"1,175",-7.30%,-8.30%,33,7,0,99.20%,0.00%,0.20%
"Washington, DC",Feb-18,$534K,6.70%,3.70%,648,6.90%,7.60%,821,11.10%,-11.20%,"1,194",1.60%,-12.50%,33,0,1,99.90%,0.70%,0.20%
"Washington, DC",Mar-18,$550K,3.00%,1.10%,780,20.40%,-7.30%,"1,151",40.20%,-3.20%,"1,300",8.90%,-11.60%,19,-14,0,100.00%,0.10%,-0.10%
"Washington, DC",Apr-18,$588K,6.90%,11.40%,812,4.10%,9.70%,"1,267",10.10%,17.10%,"1,468",12.90%,-4.30%,11,-8,-3,100.40%,0.40%,0.10%
"Washington, DC",May-18,$592K,0.70%,-0.50%,"1,027",26.50%,2.10%,"1,287",1.60%,9.60%,"1,637",11.50%,3.40%,12,1,1,100.60%,0.20%,-0.10%
"Washington, DC",Jun-18,$605K,2.20%,4.40%,964,-6.10%,-0.40%,"1,136",-11.70%,-8.90%,"1,603",-2.10%,-4.40%,13,1,0,100.90%,0.30%,-0.10%
"Washington, DC",Jul-18,$573K,-5.40%,0.40%,900,-6.60%,1.00%,949,-16.50%,10.90%,"1,510",-5.80%,-1.10%,15,2,-1,100.20%,-0.70%,0.30%
"Washington, DC",Aug-18,$550K,-3.90%,1.80%,898,-0.20%,0.20%,773,-18.50%,2.90%,"1,399",-7.40%,0.90%,20,5,-1,99.60%,-0.60%,-0.20%
"Washington, DC",Sep-18,$514K,-6.50%,2.70%,646,-28.10%,-0.50%,"1,237",60.00%,-6.40%,"1,759",25.70%,3.90%,22,2,-3,99.30%,-0.30%,-0.10%
"Washington, DC",Oct-18,$585K,13.80%,6.40%,864,33.70%,-3.90%,"1,064",-14.00%,0.20%,"1,881",6.90%,9.00%,30,8,18,99.70%,0.40%,-0.40%
"Washington, DC",Nov-18,$580K,-0.90%,5.70%,706,-18.30%,-7.30%,724,-32.00%,-8.20%,"1,750",-7.00%,11.70%,33,3,14,99.20%,-0.50%,-0.90%
"Washington, DC",Dec-18,$579K,-0.10%,3.50%,713,1.00%,-3.90%,408,-43.60%,-15.40%,"1,422",-18.70%,12.10%,39,6,13,99.10%,-0.20%,-0.20%
"Washington, DC",Jan-19,$530K,-8.60%,5.90%,586,-17.80%,-3.30%,742,81.90%,0.40%,"1,394",-2.00%,18.60%,49,10,16,99.00%,-0.10%,-0.20%
"Washington, DC",Feb-19,$575K,8.70%,7.80%,568,-3.10%,-12.30%,814,9.70%,-0.90%,"1,453",4.20%,21.70%,39,-10,6,99.50%,0.50%,-0.40%
"Washington, DC",Mar-19,$570K,-0.90%,3.60%,797,40.30%,2.20%,"1,106",35.90%,-3.90%,"1,561",7.40%,20.10%,31,-8,12,99.70%,0.30%,-0.20%
"Washington, DC",Apr-19,$590K,3.50%,0.40%,929,16.60%,14.40%,"1,248",12.80%,-1.50%,"1,664",6.60%,13.40%,20,-11,9,100.50%,0.80%,0.10%
"Washington, DC",May-19,$595K,0.80%,0.50%,"1,006",8.30%,-2.00%,"1,298",4.00%,0.90%,"1,837",10.40%,12.20%,20,0,8,100.10%,-0.50%,-0.50%
"Washington, DC",Jun-19,$610K,2.50%,0.80%,929,-7.70%,-3.60%,"1,053",-18.90%,-7.30%,"1,891",2.90%,18.00%,20,0,7,100.00%,-0.10%,-1.00%
"Washington, DC",Jul-19,$583K,-4.50%,1.70%,840,-9.60%,-6.70%,873,-17.10%,-8.00%,"1,758",-7.00%,16.40%,24,4,9,100.30%,0.40%,0.10%
"Washington, DC",Aug-19,$575K,-1.30%,4.50%,845,0.60%,-5.90%,761,-12.80%,-1.60%,"1,661",-5.50%,18.70%,31,7,11,99.90%,-0.40%,0.30%
"Washington, DC",Sep-19,$575K,0.00%,11.90%,639,-24.40%,-1.10%,"1,329",74.60%,7.40%,"2,073",24.80%,17.90%,36,5,14,99.40%,-0.50%,0.10%
"Washington, DC",Oct-19,$575K,0.00%,-1.70%,813,27.20%,-5.90%,"1,104",-16.90%,3.80%,"2,152",3.80%,14.40%,26,-10,-4,99.90%,0.50%,0.20%
"Washington, DC",Nov-19,$620K,7.80%,6.90%,715,-12.10%,1.30%,725,-34.30%,0.10%,"1,888",-12.30%,7.90%,30,4,-3,99.70%,-0.20%,0.40%
"Washington, DC",Dec-19,$630K,1.60%,8.70%,773,8.10%,8.40%,416,-42.60%,2.00%,"1,494",-20.90%,5.10%,40,10,1,99.20%,-0.50%,0.10%
"Washington, DC",Jan-20,$550K,-12.70%,3.90%,613,-20.70%,4.60%,880,111.50%,18.60%,"1,584",6.00%,13.60%,53,13,4,98.70%,-0.50%,-0.30%
"Washington, DC",Feb-20,$587K,6.70%,2.00%,681,11.10%,19.90%,876,-0.50%,7.60%,"1,561",-1.50%,7.40%,35,-18,-4,99.70%,1.00%,0.20%
"Washington, DC",Mar-20,$610K,3.90%,7.00%,839,23.20%,5.30%,"1,067",21.80%,-3.50%,"1,706",9.30%,9.30%,28,-7,-3,100.10%,0.40%,0.40%
"Washington, DC",Apr-20,$619K,1.50%,4.90%,614,-26.80%,-33.90%,734,-31.20%,-41.20%,"1,755",2.90%,5.50%,25,-3,5,100.20%,0.10%,-0.30%
"Washington, DC",May-20,$650K,5.00%,9.30%,598,-2.60%,-40.60%,954,30.00%,-26.50%,"1,861",6.00%,1.30%,30,5,10,99.40%,-0.80%,-0.70%
"Washington, DC",Jun-20,$620K,-4.60%,1.60%,808,35.10%,-13.00%,"1,116",17.00%,6.00%,"1,912",2.70%,1.10%,31,1,11,99.70%,0.30%,-0.30%
"Washington, DC",Jul-20,$641K,3.40%,10.00%,"1,001",23.90%,19.20%,"1,294",15.90%,48.20%,"2,014",5.30%,14.60%,29,-2,5,100.40%,0.70%,0.10%
"Washington, DC",Aug-20,$650K,1.40%,13.00%,949,-5.20%,12.30%,"1,123",-13.20%,47.60%,"2,029",0.70%,22.20%,27,-2,-4,100.60%,0.20%,0.70%
"Washington, DC",Sep-20,$645K,-0.80%,12.20%,955,0.60%,49.50%,"1,366",21.60%,2.80%,"2,286",12.70%,10.30%,28,1,-8,100.50%,-0.10%,1.10%
"Washington, DC",Oct-20,$676K,4.80%,17.60%,948,-0.70%,16.60%,"1,421",4.00%,28.70%,"2,448",7.10%,13.80%,25,-3,-1,100.50%,-0.10%,0.50%
"Washington, DC",Nov-20,$682K,0.90%,10.00%,861,-9.20%,20.40%,816,-42.60%,12.60%,"2,255",-7.90%,19.40%,29,4,-1,100.20%,-0.20%,0.50%
"Washington, DC",Dec-20,$638K,-6.50%,1.30%,933,8.40%,20.70%,664,-18.60%,59.60%,"1,898",-15.80%,27.00%,39,10,-1,100.00%,-0.20%,0.90%
"Washington, DC",Jan-21,$615K,-3.60%,11.80%,649,-30.40%,5.90%,951,43.20%,8.10%,"1,937",2.10%,22.30%,45,6,-8,100.00%,0.00%,1.30%
"Washington, DC",Feb-21,$635K,3.30%,8.20%,767,18.20%,12.60%,980,3.00%,11.90%,"1,908",-1.50%,22.20%,40,-5,5,100.40%,0.30%,0.70%
"Washington, DC",Mar-21,$635K,0.00%,4.10%,"1,018",32.70%,21.30%,"1,289",31.50%,20.80%,"1,877",-1.60%,10.00%,31,-9,3,101.30%,0.90%,1.20%
"Washington, DC",Apr-21,$653K,2.80%,5.40%,"1,120",10.00%,82.40%,"1,465",13.70%,99.60%,"2,082",10.90%,18.60%,25,-6,0,101.80%,0.50%,1.50%
"Washington, DC",May-21,$689K,5.60%,6.00%,"1,061",-5.30%,77.40%,"1,251",-14.60%,31.10%,"2,047",-1.70%,10.00%,21,-4,-9,102.30%,0.50%,2.90%
"Washington, DC",Jun-21,$704K,2.20%,13.50%,"1,155",8.90%,42.90%,"1,366",9.20%,22.40%,"2,141",4.60%,12.00%,22,1,-9,102.10%,-0.10%,2.50%
"Washington, DC",Jul-21,$675K,-4.10%,5.30%,"1,019",-11.80%,1.80%,"1,148",-16.00%,-11.30%,"2,158",0.80%,7.10%,26,4,-3,101.10%,-1.10%,0.70%
"Washington, DC",Aug-21,$665K,-1.50%,2.30%,899,-11.80%,-5.30%,866,-24.60%,-22.90%,"2,046",-5.20%,0.80%,32,6,5,100.70%,-0.30%,0.10%
"Washington, DC",Sep-21,$615K,-7.50%,-4.70%,708,-21.20%,-25.90%,"1,550",79.00%,13.50%,"2,602",27.20%,13.80%,37,5,9,100.10%,-0.70%,-0.50%
"Washington, DC",Oct-21,$705K,14.60%,4.30%,849,19.90%,-10.40%,"1,132",-27.00%,-20.30%,"2,582",-0.80%,5.50%,30,-7,5,100.40%,0.30%,-0.10%
"Washington, DC",Nov-21,$730K,3.50%,7.00%,892,5.10%,3.60%,820,-27.60%,0.50%,"2,295",-11.10%,1.80%,34,4,5,100.00%,-0.30%,-0.20%
"Washington, DC",Dec-21,$675K,-7.50%,5.80%,880,-1.30%,-5.70%,509,-37.90%,-23.30%,"1,780",-22.40%,-6.20%,45,11,6,99.80%,-0.20%,-0.20%
"Washington, DC",Jan-22,$645K,-4.40%,4.90%,607,-31.00%,-6.50%,836,64.20%,-12.10%,"1,756",-1.30%,-9.30%,60,15,15,99.20%,-0.60%,-0.80%
"Washington, DC",Feb-22,$660K,2.30%,3.90%,753,24.10%,-1.80%,972,16.30%,-0.80%,"1,780",1.40%,-6.70%,41,-19,1,100.50%,1.30%,0.20%
"Washington, DC",Mar-22,$665K,0.80%,4.70%,942,25.10%,-7.50%,"1,369",40.80%,6.20%,"1,966",10.40%,4.70%,29,-12,-2,101.00%,0.50%,-0.30%
"Washington, DC",Apr-22,$704K,5.90%,7.90%,978,3.80%,-12.70%,"1,230",-10.20%,-16.00%,"2,108",7.20%,1.20%,25,-4,0,101.80%,0.80%,0.00%
"Washington, DC",May-22,$650K,-7.70%,-5.70%,959,-1.90%,-9.60%,"1,214",-1.30%,-3.00%,"2,232",5.90%,9.00%,25,0,4,101.50%,-0.30%,-0.80%
"Washington, DC",Jun-22,$725K,11.50%,3.00%,931,-2.90%,-19.40%,"1,152",-5.10%,-15.70%,"2,282",2.20%,6.60%,28,3,6,101.10%,-0.40%,-1.10%
"Washington, DC",Jul-22,$646K,-10.90%,-4.30%,737,-20.80%,-27.70%,948,-17.70%,-17.40%,"2,288",0.30%,6.00%,33,5,7,99.60%,-1.50%,-1.50%
"Washington, DC",Aug-22,$650K,0.60%,-2.30%,719,-2.40%,-20.00%,696,-26.60%,-19.60%,"2,092",-8.60%,2.20%,37,4,5,99.30%,-0.20%,-1.40%
"Washington, DC",Sep-22,$620K,-4.70%,0.70%,582,-19.10%,-17.80%,"1,254",80.20%,-19.10%,"2,523",20.60%,-3.00%,47,10,10,98.90%,-0.40%,-1.10%
"Washington, DC",Oct-22,$650K,4.90%,-7.80%,590,1.40%,-30.50%,839,-33.10%,-25.90%,"2,533",0.40%,-1.90%,35,-12,5,99.50%,0.50%,-0.90%
"Washington, DC",Nov-22,$646K,-0.60%,-11.50%,527,-10.70%,-40.90%,571,-31.90%,-30.40%,"2,302",-9.10%,0.30%,52,17,18,98.20%,-1.20%,-1.80%
"Washington, DC",Dec-22,$629K,-2.60%,-6.80%,452,-14.20%,-48.60%,348,-39.10%,-31.60%,"1,876",-18.50%,5.40%,58,6,13,98.10%,-0.20%,-1.70%
"Washington, DC",Jan-23,$555K,-11.80%,-14.00%,385,-14.80%,-36.60%,647,85.90%,-22.60%,"1,869",-0.40%,6.40%,70,12,10,98.00%,-0.10%,-1.20%
"Washington, DC",Feb-23,$615K,10.70%,-6.90%,530,37.70%,-29.60%,699,8.00%,-28.10%,"1,854",-0.80%,4.20%,78,8,37,98.20%,0.20%,-2.40%
"Washington, DC",Mar-23,$640K,4.10%,-3.80%,648,22.30%,-31.20%,"1,115",59.50%,-18.60%,"2,094",12.90%,6.50%,48,-30,19,99.30%,1.10%,-1.70%
"Washington, DC",Apr-23,$685K,7.00%,-2.80%,639,-1.40%,-34.70%,920,-17.50%,-25.20%,"2,196",4.90%,4.20%,38,-10,13,99.30%,0.10%,-2.50%
"Washington, DC",May-23,$675K,-1.40%,3.80%,782,22.40%,-18.50%,911,-1.00%,-25.00%,"2,136",-2.70%,-4.30%,39,1,14,99.90%,0.60%,-1.60%
"Washington, DC",Jun-23,$615K,-8.90%,-15.20%,785,0.40%,-15.70%,980,7.60%,-14.90%,"2,199",2.90%,-3.60%,39,0,11,99.70%,-0.20%,-1.40%
"Washington, DC",Jul-23,$615K,0.00%,-4.80%,656,-16.40%,-11.00%,800,-18.40%,-15.60%,"2,140",-2.70%,-6.50%,42,3,9,99.30%,-0.40%,-0.30%
"Washington, DC",Aug-23,$625K,1.60%,-3.80%,663,1.10%,-7.80%,671,-16.10%,-3.60%,"2,059",-3.80%,-1.60%,50,8,13,99.20%,-0.10%,-0.20%
"Washington, DC",Sep-23,$625K,-0.10%,0.80%,476,-28.20%,-18.20%,"1,054",57.10%,-15.90%,"2,364",14.80%,-6.30%,55,5,8,98.50%,-0.70%,-0.40%
"Washington, DC",Oct-23,$670K,7.30%,3.10%,497,4.40%,-15.80%,804,-23.70%,-4.20%,"2,377",0.50%,-6.20%,39,-16,4,99.20%,0.60%,-0.30%
"Washington, DC",Nov-23,$635K,-5.20%,-1.70%,479,-3.60%,-9.10%,552,-31.30%,-3.30%,"2,162",-9.00%,-6.10%,48,9,-4,98.70%,-0.50%,0.40%
"Washington, DC",Dec-23,$600K,-5.50%,-4.60%,472,-1.50%,4.40%,385,-30.30%,10.60%,"1,846",-14.60%,-1.60%,60,12,2,99.00%,0.30%,0.90%
"Washington, DC",Jan-24,$605K,0.80%,9.00%,377,-20.10%,-2.10%,712,84.90%,10.00%,"1,972",6.80%,5.50%,79,19,9,98.00%,-1.00%,0.00%
"Washington, DC",Feb-24,$589K,-2.60%,-4.10%,493,30.80%,-7.00%,811,13.90%,16.00%,"2,083",5.60%,12.40%,63,-16,-15,98.80%,0.80%,0.60%
"Washington, DC",Mar-24,$645K,9.50%,0.80%,537,8.90%,-17.10%,"1,035",27.60%,-7.20%,"2,321",11.40%,10.80%,43,-20,-5,99.30%,0.60%,0.00%
"Washington, DC",Apr-24,$699K,8.40%,2.10%,637,18.60%,-0.30%,"1,060",2.40%,15.20%,"2,515",8.40%,14.50%,42,-1,4,99.50%,0.10%,0.10%
"Washington, DC",May-24,$690K,-1.30%,2.20%,692,8.60%,-11.50%,"1,085",2.40%,19.10%,"2,644",5.10%,23.80%,37,-5,-2,99.70%,0.30%,-0.10%
"Washington, DC",Jun-24,$700K,1.40%,13.80%,591,-14.60%,-24.70%,899,-17.10%,-8.30%,"2,526",-4.50%,14.90%,42,5,3,99.40%,-0.30%,-0.30%
"Washington, DC metro area",Jan-12,$278K,-1.90%,4.90%,"3,265",-24.50%,1.60%,"5,212",56.20%,-1.50%,"14,657",-3.80%,-21.90%,68,8,-1,97.50%,-0.10%,0.00%
"Washington, DC metro area",Feb-12,$276K,-0.70%,4.20%,"3,675",12.60%,5.00%,"5,996",15.00%,4.20%,"14,721",0.40%,-21.90%,64,-4,-11,97.70%,0.20%,-0.10%
"Washington, DC metro area",Mar-12,$306K,10.90%,9.40%,"4,525",23.10%,-5.80%,"8,247",37.50%,0.10%,"15,597",6.00%,-21.50%,50,-14,-13,98.00%,0.30%,0.10%
"Washington, DC metro area",Apr-12,$323K,5.50%,9.90%,"4,984",10.10%,4.40%,"7,607",-7.80%,-8.40%,"15,931",2.10%,-23.80%,32,-18,-17,98.30%,0.30%,0.50%
"Washington, DC metro area",May-12,$337K,4.40%,8.80%,"5,861",17.60%,13.00%,"7,311",-3.90%,-2.60%,"15,921",-0.10%,-24.40%,26,-6,-11,98.70%,0.40%,0.80%
"Washington, DC metro area",Jun-12,$350K,3.80%,7.70%,"6,232",6.30%,3.40%,"6,690",-8.50%,-7.10%,"15,869",-0.30%,-24.20%,27,1,-11,98.60%,-0.10%,0.80%
"Washington, DC metro area",Jul-12,$340K,-2.90%,6.30%,"5,570",-10.60%,6.00%,"5,845",-12.60%,-6.70%,"15,244",-3.90%,-25.40%,32,5,-9,98.50%,-0.10%,0.50%
"Washington, DC metro area",Aug-12,$335K,-1.50%,6.70%,"5,611",0.70%,7.80%,"5,915",1.20%,1.90%,"14,646",-3.90%,-25.80%,35,3,-11,98.30%,-0.10%,0.50%
"Washington, DC metro area",Sep-12,$320K,-4.50%,10.30%,"4,545",-19.00%,3.50%,"6,000",1.40%,-0.30%,"14,836",1.30%,-24.70%,38,3,-15,98.40%,0.10%,0.70%
"Washington, DC metro area",Oct-12,$320K,0.00%,14.30%,"4,526",-0.40%,15.20%,"5,400",-10.00%,1.30%,"13,833",-6.80%,-25.70%,34,-4,-18,98.30%,-0.10%,0.50%
"Washington, DC metro area",Nov-12,$330K,3.10%,11.90%,"4,897",8.20%,23.70%,"4,216",-21.90%,-2.30%,"12,663",-8.50%,-26.10%,33,-1,-23,98.50%,0.10%,0.70%
"Washington, DC metro area",Dec-12,$325K,-1.50%,14.70%,"4,557",-6.90%,5.30%,"3,244",-23.10%,-2.80%,"11,360",-10.30%,-25.40%,42,9,-18,98.40%,-0.10%,0.80%
"Washington, DC metro area",Jan-13,$300K,-7.70%,7.90%,"3,648",-19.90%,11.70%,"5,035",55.20%,-3.40%,"10,728",-5.60%,-26.80%,48,6,-20,98.20%,-0.20%,0.70%
"Washington, DC metro area",Feb-13,$315K,5.00%,14.10%,"3,779",3.60%,2.80%,"5,827",15.70%,-2.80%,"10,937",1.90%,-25.70%,43,-5,-21,98.60%,0.40%,0.90%
"Washington, DC metro area",Mar-13,$336K,6.70%,9.80%,"4,954",31.10%,9.50%,"7,339",25.90%,-11.00%,"11,335",3.60%,-27.30%,28,-15,-22,98.90%,0.30%,0.80%
"Washington, DC metro area",Apr-13,$352K,4.80%,9.10%,"5,506",11.10%,10.50%,"8,875",20.90%,16.70%,"12,345",8.90%,-22.50%,18,-10,-14,99.20%,0.40%,1.00%
"Washington, DC metro area",May-13,$370K,5.00%,9.70%,"6,705",21.80%,14.40%,"9,028",1.70%,23.50%,"13,592",10.10%,-14.60%,14,-4,-12,99.40%,0.20%,0.70%
"Washington, DC metro area",Jun-13,$388K,4.80%,10.80%,"6,939",3.50%,11.30%,"7,583",-16.00%,13.30%,"14,011",3.10%,-11.70%,15,1,-12,99.60%,0.10%,1.00%
"Washington, DC metro area",Jul-13,$370K,-4.60%,8.80%,"6,543",-5.70%,17.50%,"7,209",-4.90%,23.30%,"14,216",1.50%,-6.70%,20,5,-12,99.30%,-0.20%,0.90%
"Washington, DC metro area",Aug-13,$365K,-1.40%,8.90%,"6,300",-3.70%,12.30%,"6,826",-5.30%,15.40%,"14,522",2.20%,-0.80%,22,2,-13,99.20%,-0.10%,0.90%
"Washington, DC metro area",Sep-13,$345K,-5.50%,7.80%,"5,053",-19.80%,11.20%,"6,821",-0.10%,13.70%,"15,150",4.30%,2.10%,25,3,-13,99.20%,0.00%,0.80%
"Washington, DC metro area",Oct-13,$341K,-1.30%,6.40%,"5,108",1.10%,12.90%,"6,227",-8.70%,15.30%,"14,903",-1.60%,7.70%,27,2,-7,99.10%,-0.10%,0.80%
"Washington, DC metro area",Nov-13,$345K,1.30%,4.50%,"4,215",-17.50%,-13.90%,"4,590",-26.30%,8.90%,"13,704",-8.00%,8.20%,31,4,-2,99.00%,-0.20%,0.50%
"Washington, DC metro area",Dec-13,$353K,2.30%,8.50%,"5,013",18.90%,10.00%,"3,264",-28.90%,0.60%,"12,324",-10.10%,8.50%,38,7,-4,98.70%,-0.30%,0.30%
"Washington, DC metro area",Jan-14,$330K,-6.50%,10.00%,"3,319",-33.80%,-9.00%,"5,099",56.20%,1.30%,"11,935",-3.20%,11.30%,47,9,-1,98.40%,-0.30%,0.20%
"Washington, DC metro area",Feb-14,$337K,2.20%,7.00%,"3,579",7.80%,-5.30%,"5,739",12.60%,-1.50%,"12,306",3.10%,12.50%,46,-1,3,98.70%,0.30%,0.10%
"Washington, DC metro area",Mar-14,$345K,2.40%,2.60%,"4,419",23.50%,-10.80%,"7,779",35.50%,6.00%,"13,242",7.60%,16.80%,31,-15,3,98.90%,0.20%,0.00%
"Washington, DC metro area",Apr-14,$365K,5.80%,3.60%,"5,246",18.70%,-4.70%,"9,436",21.30%,6.30%,"14,741",11.30%,19.40%,23,-8,5,99.10%,0.20%,-0.20%
"Washington, DC metro area",May-14,$375K,2.70%,1.40%,"6,042",15.20%,-9.90%,"9,765",3.50%,8.20%,"15,919",8.00%,17.10%,19,-4,5,99.10%,0.10%,-0.30%
"Washington, DC metro area",Jun-14,$388K,3.50%,0.10%,"6,598",9.20%,-4.90%,"8,265",-15.40%,9.00%,"17,411",9.40%,24.30%,19,0,4,99.00%,-0.10%,-0.50%
"Washington, DC metro area",Jul-14,$375K,-3.30%,1.40%,"6,210",-5.90%,-5.10%,"7,716",-6.60%,7.00%,"18,780",7.90%,32.10%,23,4,3,99.00%,-0.10%,-0.40%
"Washington, DC metro area",Aug-14,$367K,-2.00%,0.70%,"5,715",-8.00%,-9.30%,"6,700",-13.20%,-1.80%,"18,762",-0.10%,29.20%,30,7,8,98.70%,-0.30%,-0.50%
"Washington, DC metro area",Sep-14,$350K,-4.70%,1.40%,"4,978",-12.90%,-1.50%,"6,973",4.10%,2.20%,"18,970",1.10%,25.20%,37,7,12,98.60%,-0.10%,-0.50%
"Washington, DC metro area",Oct-14,$355K,1.40%,4.30%,"5,118",2.80%,0.20%,"6,408",-8.10%,2.90%,"18,175",-4.20%,22.00%,40,3,13,98.50%,-0.20%,-0.60%
"Washington, DC metro area",Nov-14,$355K,0.10%,3.00%,"4,113",-19.60%,-2.40%,"4,281",-33.20%,-6.70%,"15,989",-12.00%,16.70%,42,2,11,98.40%,-0.10%,-0.60%
"Washington, DC metro area",Dec-14,$370K,4.00%,4.70%,"5,258",27.80%,4.90%,"3,517",-17.80%,7.80%,"14,082",-11.90%,14.30%,52,10,14,98.40%,0.10%,-0.20%
"Washington, DC metro area",Jan-15,$340K,-8.00%,3.10%,"3,552",-32.40%,7.00%,"5,320",51.30%,4.30%,"13,623",-3.30%,14.10%,61,9,14,97.90%,-0.50%,-0.50%
"Washington, DC metro area",Feb-15,$353K,3.70%,4.60%,"3,709",4.40%,3.60%,"6,215",16.80%,8.30%,"13,964",2.50%,13.50%,61,0,15,98.30%,0.40%,-0.40%
"Washington, DC metro area",Mar-15,$357K,1.30%,3.50%,"5,082",37.00%,15.00%,"8,980",44.50%,15.40%,"15,480",10.90%,16.90%,43,-18,12,98.70%,0.40%,-0.20%
"Washington, DC metro area",Apr-15,$369K,3.40%,1.10%,"5,795",14.00%,10.50%,"10,882",21.20%,15.30%,"18,131",17.10%,23.00%,27,-16,4,99.00%,0.30%,-0.10%
"Washington, DC metro area",May-15,$385K,4.30%,2.70%,"6,356",9.70%,5.20%,"9,979",-8.30%,2.20%,"19,570",7.90%,22.90%,20,-7,1,99.00%,0.00%,-0.20%
"Washington, DC metro area",Jun-15,$390K,1.30%,0.50%,"7,610",19.70%,15.30%,"8,539",-14.40%,3.30%,"19,933",1.90%,14.50%,24,4,5,99.00%,0.10%,0.00%
"Washington, DC metro area",Jul-15,$375K,-3.80%,0.00%,"7,102",-6.70%,14.40%,"8,121",-4.90%,5.20%,"20,064",0.70%,6.80%,29,5,6,98.80%,-0.20%,-0.10%
"Washington, DC metro area",Aug-15,$367K,-2.10%,-0.10%,"6,147",-13.40%,7.60%,"6,979",-14.10%,4.20%,"19,588",-2.40%,4.40%,37,8,7,98.70%,-0.10%,0.00%
"Washington, DC metro area",Sep-15,$350K,-4.60%,0.00%,"5,649",-8.10%,13.50%,"7,242",3.80%,3.90%,"19,615",0.10%,3.40%,40,3,3,98.60%,0.00%,0.00%
"Washington, DC metro area",Oct-15,$354K,1.10%,-0.30%,"5,235",-7.30%,2.30%,"6,715",-7.30%,4.80%,"18,723",-4.50%,3.00%,42,2,2,98.60%,-0.10%,0.10%
"Washington, DC metro area",Nov-15,$360K,1.70%,1.30%,"4,444",-15.10%,8.00%,"4,540",-32.40%,6.00%,"16,442",-12.20%,2.80%,44,2,2,98.50%,-0.10%,0.10%
"Washington, DC metro area",Dec-15,$350K,-2.80%,-5.30%,"5,721",28.70%,8.80%,"3,691",-18.70%,4.90%,"14,186",-13.70%,0.70%,51,7,-1,98.50%,0.10%,0.10%
"Washington, DC metro area",Jan-16,$345K,-1.40%,1.50%,"3,782",-33.90%,6.50%,"4,752",28.70%,-10.70%,"13,435",-5.30%,-1.40%,61,10,0,98.20%,-0.30%,0.20%
"Washington, DC metro area",Feb-16,$342K,-1.00%,-3.10%,"4,054",7.20%,9.30%,"6,447",35.70%,3.70%,"13,547",0.80%,-3.00%,64,3,3,98.40%,0.20%,0.10%
"Washington, DC metro area",Mar-16,$360K,5.40%,0.80%,"5,309",31.00%,4.50%,"10,381",61.00%,15.60%,"15,559",14.90%,0.50%,47,-17,4,98.70%,0.30%,0.00%
"Washington, DC metro area",Apr-16,$372K,3.30%,0.80%,"6,336",19.30%,9.30%,"10,847",4.50%,-0.30%,"17,288",11.10%,-4.60%,24,-23,-3,99.00%,0.30%,0.10%
"Washington, DC metro area",May-16,$385K,3.50%,0.00%,"7,259",14.60%,14.20%,"9,135",-15.80%,-8.50%,"17,510",1.30%,-10.50%,20,-4,0,99.20%,0.20%,0.20%
"Washington, DC metro area",Jun-16,$391K,1.60%,0.30%,"8,155",12.30%,7.20%,"8,616",-5.70%,0.90%,"17,504",0.00%,-12.20%,22,2,-2,99.20%,-0.10%,0.10%
"Washington, DC metro area",Jul-16,$380K,-2.80%,1.30%,"6,942",-14.90%,-2.30%,"7,566",-12.20%,-6.80%,"17,207",-1.70%,-14.20%,27,5,-2,99.10%,-0.10%,0.30%
"Washington, DC metro area",Aug-16,$373K,-1.80%,1.60%,"7,112",2.40%,15.70%,"6,775",-10.50%,-2.90%,"16,440",-4.50%,-16.10%,32,5,-5,98.90%,-0.20%,0.20%
"Washington, DC metro area",Sep-16,$363K,-2.70%,3.70%,"6,048",-15.00%,7.10%,"7,280",7.50%,0.50%,"16,600",1.00%,-15.40%,35,3,-5,98.90%,0.00%,0.30%
"Washington, DC metro area",Oct-16,$360K,-0.70%,1.80%,"5,517",-8.80%,5.40%,"6,109",-16.10%,-9.00%,"15,551",-6.30%,-16.90%,36,1,-6,98.80%,-0.10%,0.30%
"Washington, DC metro area",Nov-16,$370K,2.60%,2.80%,"5,283",-4.20%,18.90%,"4,912",-19.60%,8.20%,"13,893",-10.70%,-15.50%,36,0,-8,98.70%,-0.10%,0.30%
"Washington, DC metro area",Dec-16,$372K,0.50%,6.30%,"5,585",5.70%,-2.40%,"3,808",-22.50%,3.20%,"12,042",-13.30%,-15.10%,43,7,-8,98.80%,0.00%,0.20%
"Washington, DC metro area",Jan-17,$357K,-4.10%,3.40%,"4,129",-26.10%,9.20%,"5,414",42.20%,13.90%,"11,413",-5.20%,-15.10%,49,6,-12,98.60%,-0.10%,0.50%
"Washington, DC metro area",Feb-17,$360K,0.90%,5.40%,"4,372",5.90%,7.80%,"7,216",33.30%,11.90%,"12,074",5.80%,-10.90%,46,-3,-18,98.90%,0.20%,0.50%
"Washington, DC metro area",Mar-17,$370K,2.80%,2.80%,"6,158",40.90%,16.00%,"10,434",44.60%,0.50%,"13,709",13.50%,-11.90%,27,-19,-20,99.00%,0.20%,0.30%
"Washington, DC metro area",Apr-17,$390K,5.40%,4.80%,"6,419",4.20%,1.30%,"9,787",-6.20%,-9.80%,"14,893",8.60%,-13.90%,17,-10,-7,99.40%,0.30%,0.30%
"Washington, DC metro area",May-17,$400K,2.60%,3.90%,"7,907",23.20%,8.90%,"9,951",1.70%,8.90%,"15,411",3.50%,-12.00%,16,-1,-4,99.40%,0.10%,0.20%
"Washington, DC metro area",Jun-17,$405K,1.30%,3.60%,"8,666",9.60%,6.30%,"9,452",-5.00%,9.70%,"15,982",3.70%,-8.70%,18,2,-4,99.30%,-0.10%,0.20%
"Washington, DC metro area",Jul-17,$395K,-2.50%,3.90%,"7,389",-14.70%,6.40%,"7,650",-19.10%,1.10%,"15,813",-1.10%,-8.10%,21,3,-6,99.20%,-0.10%,0.20%
"Washington, DC metro area",Aug-17,$386K,-2.20%,3.50%,"7,149",-3.20%,0.50%,"7,305",-4.50%,7.80%,"15,378",-2.80%,-6.50%,27,6,-5,99.10%,-0.10%,0.30%
"Washington, DC metro area",Sep-17,$368K,-4.80%,1.30%,"5,800",-18.90%,-4.10%,"7,625",4.40%,4.70%,"15,810",2.80%,-4.80%,29,2,-6,99.00%,-0.20%,0.10%
"Washington, DC metro area",Oct-17,$378K,2.80%,4.80%,"6,029",3.90%,9.30%,"6,645",-12.90%,8.80%,"14,882",-5.90%,-4.30%,28,-1,-8,99.10%,0.10%,0.30%
"Washington, DC metro area",Nov-17,$385K,1.90%,4.10%,"5,545",-8.00%,5.00%,"5,010",-24.60%,2.00%,"13,093",-12.00%,-5.80%,33,5,-3,98.90%,-0.20%,0.20%
"Washington, DC metro area",Dec-17,$385K,0.00%,3.50%,"5,477",-1.20%,-1.90%,"3,404",-32.10%,-10.60%,"11,019",-15.80%,-8.50%,39,6,-4,98.90%,0.00%,0.10%
"Washington, DC metro area",Jan-18,$364K,-5.50%,2.00%,"4,108",-25.00%,-0.50%,"5,288",55.30%,-2.30%,"10,192",-7.50%,-10.70%,43,4,-6,98.80%,-0.10%,0.10%
"Washington, DC metro area",Feb-18,$375K,3.00%,4.10%,"4,382",6.70%,0.20%,"6,746",27.60%,-6.50%,"10,622",4.20%,-12.00%,43,0,-3,99.00%,0.20%,0.10%
"Washington, DC metro area",Mar-18,$391K,4.30%,5.70%,"5,941",35.60%,-3.50%,"9,558",41.70%,-8.40%,"11,731",10.40%,-14.40%,21,-22,-6,99.30%,0.30%,0.20%
"Washington, DC metro area",Apr-18,$405K,3.60%,3.80%,"6,698",12.70%,4.30%,"10,329",8.10%,5.50%,"13,242",12.90%,-11.10%,13,-8,-4,99.50%,0.30%,0.20%
"Washington, DC metro area",May-18,$410K,1.20%,2.50%,"7,820",16.80%,-1.10%,"10,288",-0.40%,3.40%,"14,318",8.10%,-7.10%,14,1,-2,99.60%,0.10%,0.20%
"Washington, DC metro area",Jun-18,$418K,2.00%,3.20%,"8,282",5.90%,-4.40%,"8,800",-14.50%,-6.90%,"14,452",0.90%,-9.60%,15,1,-3,99.70%,0.10%,0.30%
"Washington, DC metro area",Jul-18,$400K,-4.30%,1.30%,"7,483",-9.60%,1.30%,"7,632",-13.30%,-0.20%,"13,967",-3.40%,-11.70%,19,4,-2,99.30%,-0.30%,0.10%
"Washington, DC metro area",Aug-18,$399K,-0.20%,3.30%,"7,068",-5.50%,-1.10%,"7,252",-5.00%,-0.70%,"14,092",0.90%,-8.40%,24,5,-3,99.20%,-0.20%,0.00%
"Washington, DC metro area",Sep-18,$382K,-4.20%,4.00%,"5,253",-25.70%,-9.40%,"6,964",-4.00%,-8.70%,"15,601",10.70%,-1.30%,28,4,-1,99.10%,-0.10%,0.10%
"Washington, DC metro area",Oct-18,$390K,2.00%,3.20%,"5,872",11.80%,-2.60%,"6,516",-6.40%,-1.90%,"15,469",-0.80%,3.90%,43,15,15,99.10%,0.00%,0.00%
"Washington, DC metro area",Nov-18,$390K,0.00%,1.30%,"5,503",-6.30%,-0.80%,"4,627",-29.00%,-7.60%,"13,398",-13.40%,2.30%,48,5,15,98.90%,-0.30%,-0.10%
"Washington, DC metro area",Dec-18,$399K,2.30%,3.60%,"5,181",-5.90%,-5.40%,"3,025",-34.60%,-11.10%,"11,035",-17.60%,0.10%,50,2,11,98.90%,0.00%,0.00%
"Washington, DC metro area",Jan-19,$385K,-3.50%,5.80%,"4,080",-21.30%,-0.70%,"4,933",63.10%,-6.70%,"10,754",-2.50%,5.50%,60,10,17,98.80%,-0.10%,0.00%
"Washington, DC metro area",Feb-19,$387K,0.50%,3.20%,"4,153",1.80%,-5.20%,"6,003",21.70%,-11.00%,"11,247",4.60%,5.90%,48,-12,5,99.10%,0.30%,0.10%
"Washington, DC metro area",Mar-19,$405K,4.70%,3.60%,"5,792",39.50%,-2.50%,"8,816",46.90%,-7.80%,"12,537",11.50%,6.90%,33,-15,12,99.50%,0.40%,0.20%
"Washington, DC metro area",Apr-19,$420K,3.70%,3.70%,"6,760",16.70%,0.90%,"9,712",10.20%,-6.00%,"13,828",10.30%,4.40%,24,-9,11,99.80%,0.30%,0.20%
"Washington, DC metro area",May-19,$423K,0.60%,3.00%,"8,003",18.40%,2.30%,"9,852",1.40%,-4.20%,"14,992",8.40%,4.70%,23,-1,9,99.80%,0.00%,0.20%
"Washington, DC metro area",Jun-19,$427K,1.10%,2.20%,"7,682",-4.00%,-7.20%,"7,976",-19.00%,-9.40%,"15,075",0.60%,4.30%,26,3,11,99.70%,-0.10%,0.00%
"Washington, DC metro area",Jul-19,$420K,-1.60%,5.00%,"7,475",-2.70%,-0.10%,"7,230",-9.40%,-5.30%,"14,240",-5.50%,2.00%,28,2,9,99.60%,-0.10%,0.30%
"Washington, DC metro area",Aug-19,$415K,-1.20%,4.00%,"6,908",-7.60%,-2.30%,"6,819",-5.70%,-6.00%,"13,858",-2.70%,-1.70%,33,5,9,99.50%,-0.20%,0.30%
"Washington, DC metro area",Sep-19,$400K,-3.60%,4.70%,"5,849",-15.30%,11.30%,"7,051",3.40%,1.20%,"14,240",2.80%,-8.70%,35,2,7,99.30%,-0.20%,0.10%
"Washington, DC metro area",Oct-19,$410K,2.50%,5.20%,"6,096",4.20%,3.80%,"6,392",-9.30%,-1.90%,"13,686",-3.90%,-11.50%,34,-1,-9,99.40%,0.10%,0.20%
"Washington, DC metro area",Nov-19,$415K,1.20%,6.40%,"5,133",-15.80%,-6.70%,"4,447",-30.40%,-3.90%,"12,000",-12.30%,-10.40%,37,3,-11,99.40%,0.00%,0.50%
"Washington, DC metro area",Dec-19,$419K,1.00%,5.00%,"5,608",9.30%,8.20%,"3,017",-32.20%,-0.30%,"9,589",-20.10%,-13.10%,42,5,-8,99.20%,-0.20%,0.30%
"Washington, DC metro area",Jan-20,$399K,-4.70%,3.70%,"4,100",-26.90%,0.50%,"5,348",77.30%,8.40%,"9,655",0.70%,-10.20%,52,10,-8,98.90%,-0.30%,0.10%
"Washington, DC metro area",Feb-20,$418K,4.60%,8.00%,"4,529",10.50%,9.10%,"6,572",22.90%,9.50%,"10,105",4.70%,-10.20%,38,-14,-10,99.50%,0.60%,0.40%
"Washington, DC metro area",Mar-20,$438K,4.90%,8.10%,"6,136",35.50%,5.90%,"8,493",29.20%,-3.70%,"11,378",12.60%,-9.20%,27,-11,-6,100.10%,0.60%,0.60%
"Washington, DC metro area",Apr-20,$447K,2.00%,6.40%,"5,663",-7.70%,-16.20%,"6,202",-27.00%,-36.10%,"11,675",2.60%,-15.60%,23,-4,-1,100.10%,0.00%,0.30%
"Washington, DC metro area",May-20,$440K,-1.50%,4.10%,"5,509",-2.70%,-31.20%,"6,777",9.30%,-31.20%,"11,521",-1.30%,-23.20%,30,7,7,99.70%,-0.40%,-0.10%
"Washington, DC metro area",Jun-20,$440K,0.00%,3.00%,"7,206",30.80%,-6.20%,"7,662",13.10%,-3.90%,"10,848",-5.80%,-28.00%,32,2,6,99.90%,0.20%,0.10%
"Washington, DC metro area",Jul-20,$470K,6.80%,11.90%,"8,101",12.40%,8.40%,"8,738",14.00%,20.90%,"10,967",1.10%,-23.00%,29,-3,1,100.20%,0.30%,0.60%
"Washington, DC metro area",Aug-20,$464K,-1.30%,11.80%,"7,791",-3.80%,12.80%,"8,041",-8.00%,17.90%,"10,502",-4.20%,-24.20%,26,-3,-7,100.50%,0.30%,1.00%
"Washington, DC metro area",Sep-20,$455K,-1.90%,13.80%,"7,667",-1.60%,31.10%,"8,473",5.40%,20.20%,"10,856",3.40%,-23.80%,26,0,-9,100.40%,-0.10%,1.20%
"Washington, DC metro area",Oct-20,$460K,1.10%,12.20%,"7,774",1.40%,27.50%,"8,743",3.20%,36.80%,"11,221",3.40%,-18.00%,25,-1,-9,100.50%,0.10%,1.10%
"Washington, DC metro area",Nov-20,$450K,-2.20%,8.40%,"6,753",-13.10%,31.60%,"5,736",-34.40%,29.00%,"9,996",-10.90%,-16.70%,26,1,-11,100.40%,-0.10%,1.10%
"Washington, DC metro area",Dec-20,$450K,0.00%,7.40%,"7,170",6.20%,27.90%,"4,428",-22.80%,46.80%,"7,897",-21.00%,-17.60%,30,4,-12,100.20%,-0.20%,1.00%
"Washington, DC metro area",Jan-21,$441K,-2.10%,10.30%,"4,821",-32.80%,17.60%,"5,667",28.00%,6.00%,"7,655",-3.10%,-20.70%,34,4,-18,100.30%,0.10%,1.40%
"Washington, DC metro area",Feb-21,$450K,2.20%,7.80%,"5,246",8.80%,15.80%,"6,062",7.00%,-7.80%,"7,451",-2.70%,-26.30%,28,-6,-10,100.80%,0.50%,1.30%
"Washington, DC metro area",Mar-21,$479K,6.40%,9.40%,"6,962",32.70%,13.50%,"9,093",50.00%,7.10%,"7,781",4.40%,-31.60%,19,-9,-8,101.70%,0.90%,1.60%
"Washington, DC metro area",Apr-21,$505K,5.40%,13.00%,"8,225",18.10%,45.20%,"10,515",15.60%,69.50%,"9,269",19.10%,-20.60%,13,-6,-10,102.30%,0.60%,2.20%
"Washington, DC metro area",May-21,$514K,1.80%,16.80%,"8,499",3.30%,54.30%,"9,966",-5.20%,47.10%,"9,670",4.30%,-16.10%,10,-3,-20,102.80%,0.50%,3.10%
"Washington, DC metro area",Jun-21,$520K,1.20%,18.20%,"9,575",12.70%,32.90%,"10,290",3.30%,34.30%,"10,695",10.60%,-1.40%,12,2,-20,102.50%,-0.30%,2.60%
"Washington, DC metro area",Jul-21,$507K,-2.50%,7.90%,"8,519",-11.00%,5.20%,"9,898",-3.80%,13.30%,"12,218",14.20%,11.40%,17,5,-12,101.70%,-0.80%,1.50%
"Washington, DC metro area",Aug-21,$490K,-3.40%,5.60%,"8,102",-4.90%,4.00%,"8,006",-19.10%,-0.40%,"11,842",-3.10%,12.80%,24,7,-2,100.90%,-0.70%,0.50%
"Washington, DC metro area",Sep-21,$480K,-2.00%,5.40%,"7,167",-11.50%,-6.50%,"8,573",7.10%,1.20%,"12,513",5.70%,15.30%,29,5,3,100.50%,-0.40%,0.10%
"Washington, DC metro area",Oct-21,$495K,3.10%,7.60%,"7,098",-1.00%,-8.70%,"7,191",-16.10%,-17.80%,"11,617",-7.20%,3.50%,30,1,5,100.30%,-0.20%,-0.10%
"Washington, DC metro area",Nov-21,$495K,0.00%,10.00%,"7,116",0.30%,5.40%,"5,147",-28.40%,-10.30%,"9,417",-18.90%,-5.80%,33,3,7,100.30%,-0.10%,-0.10%
"Washington, DC metro area",Dec-21,$488K,-1.50%,8.30%,"6,829",-4.00%,-4.80%,"3,758",-27.00%,-15.10%,"6,965",-26.00%,-11.80%,35,2,5,100.30%,0.00%,0.10%
"Washington, DC metro area",Jan-22,$473K,-3.10%,7.30%,"4,383",-35.80%,-9.10%,"4,502",19.80%,-20.60%,"6,218",-10.70%,-18.80%,38,3,4,100.20%,0.00%,-0.10%
"Washington, DC metro area",Feb-22,$496K,5.00%,10.20%,"4,811",9.80%,-8.30%,"6,109",35.70%,0.80%,"6,364",2.30%,-14.60%,28,-10,0,101.50%,1.30%,0.70%
"Washington, DC metro area",Mar-22,$525K,5.80%,9.60%,"6,649",38.20%,-4.50%,"8,558",40.10%,-5.90%,"7,371",15.80%,-5.30%,15,-13,-4,102.60%,1.10%,0.90%
"Washington, DC metro area",Apr-22,$550K,4.80%,8.90%,"6,938",4.30%,-15.60%,"9,181",7.30%,-12.70%,"8,792",19.30%,-5.10%,11,-4,-2,103.10%,0.50%,0.80%
"Washington, DC metro area",May-22,$555K,0.90%,8.00%,"7,584",9.30%,-10.80%,"8,696",-5.30%,-12.70%,"9,772",11.10%,1.10%,12,1,2,102.80%,-0.30%,0.00%
"Washington, DC metro area",Jun-22,$550K,-0.90%,5.80%,"7,299",-3.80%,-23.80%,"8,567",-1.50%,-16.70%,"11,175",14.40%,4.50%,18,6,6,101.60%,-1.20%,-0.80%
"Washington, DC metro area",Jul-22,$530K,-3.60%,4.50%,"6,028",-17.40%,-29.20%,"7,072",-17.50%,-28.60%,"11,827",5.80%,-3.20%,26,8,9,100.50%,-1.10%,-1.20%
"Washington, DC metro area",Aug-22,$520K,-1.90%,6.10%,"5,912",-1.90%,-27.00%,"5,672",-19.80%,-29.20%,"11,073",-6.40%,-6.50%,32,6,8,99.70%,-0.80%,-1.30%
"Washington, DC metro area",Sep-22,$500K,-3.80%,4.20%,"5,233",-11.50%,-27.00%,"6,463",13.90%,-24.60%,"11,660",5.30%,-6.80%,36,4,7,99.50%,-0.10%,-1.00%
"Washington, DC metro area",Oct-22,$518K,3.70%,4.70%,"4,642",-11.30%,-34.60%,"5,004",-22.60%,-30.40%,"11,412",-2.10%,-1.80%,36,0,6,99.50%,0.00%,-0.80%
"Washington, DC metro area",Nov-22,$500K,-3.60%,1.00%,"4,052",-12.70%,-43.10%,"3,609",-27.90%,-29.90%,"10,146",-11.10%,7.70%,42,6,9,99.20%,-0.40%,-1.10%
"Washington, DC metro area",Dec-22,$490K,-2.00%,0.50%,"3,889",-4.00%,-43.10%,"2,325",-35.60%,-38.10%,"8,108",-20.10%,16.40%,46,4,11,98.90%,-0.30%,-1.40%
"Washington, DC metro area",Jan-23,$475K,-3.10%,0.50%,"2,888",-25.70%,-34.10%,"3,653",57.10%,-18.90%,"7,636",-5.80%,22.80%,59,13,21,98.70%,-0.20%,-1.50%
"Washington, DC metro area",Feb-23,$508K,6.90%,2.40%,"3,560",23.30%,-26.00%,"4,018",10.00%,-34.20%,"7,166",-6.20%,12.60%,46,-13,18,99.60%,0.90%,-1.90%
"Washington, DC metro area",Mar-23,$522K,2.80%,-0.50%,"4,659",30.90%,-29.90%,"6,329",57.50%,-26.00%,"7,980",11.40%,8.30%,32,-14,17,100.20%,0.60%,-2.40%
"Washington, DC metro area",Apr-23,$545K,4.40%,-0.90%,"4,688",0.60%,-32.40%,"5,880",-7.10%,-36.00%,"8,234",3.20%,-6.30%,27,-5,16,100.90%,0.60%,-2.30%
"Washington, DC metro area",May-23,$560K,2.80%,0.90%,"5,754",22.70%,-24.10%,"6,195",5.40%,-28.80%,"8,099",-1.60%,-17.10%,23,-4,11,101.30%,0.40%,-1.50%
"Washington, DC metro area",Jun-23,$557K,-0.50%,1.30%,"5,945",3.30%,-18.60%,"6,207",0.20%,-27.50%,"8,419",4.00%,-24.70%,24,1,6,101.00%,-0.20%,-0.60%
"Washington, DC metro area",Jul-23,$545K,-2.20%,2.80%,"4,864",-18.20%,-19.30%,"5,607",-9.70%,-20.70%,"8,603",2.20%,-27.30%,26,2,0,100.80%,-0.20%,0.30%
"Washington, DC metro area",Aug-23,$550K,0.90%,5.80%,"5,130",5.50%,-13.20%,"5,153",-8.10%,-9.20%,"8,403",-2.30%,-24.10%,28,2,-4,100.40%,-0.40%,0.80%
"Washington, DC metro area",Sep-23,$520K,-5.50%,4.00%,"4,188",-18.40%,-20.00%,"5,490",6.50%,-15.10%,"9,287",10.50%,-20.40%,30,2,-6,100.20%,-0.30%,0.60%
"Washington, DC metro area",Oct-23,$527K,1.30%,1.60%,"4,161",-0.60%,-10.40%,"4,748",-13.50%,-5.10%,"9,265",-0.20%,-18.80%,32,2,-4,100.00%,-0.10%,0.50%
"Washington, DC metro area",Nov-23,$525K,-0.30%,5.10%,"3,767",-9.50%,-7.00%,"3,687",-22.30%,2.20%,"8,557",-7.60%,-15.70%,35,3,-7,99.50%,-0.50%,0.40%
"Washington, DC metro area",Dec-23,$520K,-1.00%,6.10%,"3,562",-5.40%,-8.40%,"2,406",-34.70%,3.50%,"6,989",-18.30%,-13.80%,40,5,-6,99.50%,0.00%,0.60%
"Washington, DC metro area",Jan-24,$510K,-1.90%,7.40%,"2,921",-18.00%,1.10%,"3,845",59.80%,5.30%,"6,830",-2.30%,-10.60%,48,8,-11,99.40%,-0.10%,0.70%
"Washington, DC metro area",Feb-24,$535K,4.90%,5.30%,"3,587",22.80%,0.80%,"4,735",23.10%,17.80%,"7,251",6.20%,1.20%,35,-13,-11,100.20%,0.80%,0.50%
"Washington, DC metro area",Mar-24,$560K,4.70%,7.20%,"4,177",16.40%,-10.30%,"5,867",23.90%,-7.30%,"7,900",9.00%,-1.00%,28,-7,-4,100.90%,0.80%,0.70%
"Washington, DC metro area",Apr-24,$578K,3.20%,6.00%,"5,127",22.70%,9.40%,"6,675",13.80%,13.50%,"8,569",8.50%,4.10%,24,-4,-3,101.30%,0.40%,0.40%
"Washington, DC metro area",May-24,$590K,2.10%,5.40%,"5,679",10.80%,-1.30%,"7,199",7.90%,16.20%,"9,625",12.30%,18.80%,23,-1,0,101.50%,0.30%,0.30%
"Washington, DC metro area",Jun-24,$595K,0.80%,6.80%,"5,199",-8.50%,-12.50%,"6,257",-13.10%,0.80%,"9,528",-1.00%,13.20%,25,2,1,101.00%,-0.50%,0.00%
